<?xml version="1.0" encoding="UTF-8"?>
<sketch id="abf893a7-4563-4bb4-8e0b-383d80b0136b" type="SRL">
    <point id="cd78cc70-d7e9-428e-8253-ce96081ac70c"
        time="1240259430975" x="416.0" y="248.0"/>
    <point id="28233162-f20b-49ab-a2c9-df2994b17400"
        time="1240259431004" x="415.0" y="247.0"/>
    <point id="1f154939-8ead-40a2-9d7c-b7a897bb2118"
        time="1240259431045" x="415.0" y="245.0"/>
    <point id="41f7eea0-5fb1-4154-9e09-d704c7e2dc0c"
        time="1240259431067" x="415.0" y="249.0"/>
    <point id="e07dd71c-61ba-4c46-9f13-2147dbd37e98"
        time="1240259431088" x="417.0" y="259.0"/>
    <point id="b688d954-262f-445c-9ec5-a895664ce431"
        time="1240259431109" x="420.0" y="272.0"/>
    <point id="2aff7ae3-bb6b-42e1-a932-fbde70c58a93"
        time="1240259431130" x="422.0" y="287.0"/>
    <point id="83cdbed5-86c2-4e65-a84a-0e83fa91230a"
        time="1240259431150" x="423.0" y="304.0"/>
    <point id="411b8d1f-fe75-47f7-a2e0-0e1dac8fd5ca"
        time="1240259431171" x="423.0" y="320.0"/>
    <point id="b72ecf70-4cbf-4e3a-9f6f-62d5a9c87a66"
        time="1240259431192" x="422.0" y="332.0"/>
    <point id="6f0e8d14-872a-40b6-8af5-b9b1224bb46c"
        time="1240259431212" x="422.0" y="337.0"/>
    <point id="49abc435-94ad-4c12-954f-f0c19a774fb7"
        time="1240259431233" x="422.0" y="338.0"/>
    <point id="856d014b-896d-411f-9736-312e32811989"
        time="1240259431254" x="423.0" y="334.0"/>
    <point id="617d3ce7-ea3e-4efd-8e5e-20041ccf7bd6"
        time="1240259431274" x="423.0" y="332.0"/>
    <point id="eabf77ee-863c-49bd-b08f-436b84789dee"
        time="1240259431439" x="451.0" y="240.0"/>
    <point id="3e20ce8f-8751-4aa2-af00-6c2c3cfc15ca"
        time="1240259431459" x="452.0" y="237.0"/>
    <point id="c735b81c-f874-4c52-afdf-3bab3bca7d9e"
        time="1240259431485" x="452.0" y="238.0"/>
    <point id="c5ef7d24-b0ec-4bb5-8a77-1c5ce8434c40"
        time="1240259431506" x="449.0" y="244.0"/>
    <point id="3829522a-40c7-42c8-8522-2558cc33dc36"
        time="1240259431527" x="439.0" y="259.0"/>
    <point id="7e6c01e6-be14-4769-840a-09832ff47026"
        time="1240259431549" x="433.0" y="267.0"/>
    <point id="c1e7615c-14bc-4e36-87bc-b4a4bf6f0f5f"
        time="1240259431570" x="423.0" y="279.0"/>
    <point id="28b6971d-105a-4adc-9bc8-2cd32d8bcc4e"
        time="1240259431591" x="413.0" y="290.0"/>
    <point id="7928649f-dfe9-42dd-8872-1ee5f3eb5d46"
        time="1240259431611" x="409.0" y="295.0"/>
    <point id="91de0f6f-5599-4d6c-982b-5a831c1e3928"
        time="1240259431632" x="411.0" y="296.0"/>
    <point id="6bfbfd35-9eb3-496d-8061-09f61062313e"
        time="1240259431652" x="415.0" y="297.0"/>
    <point id="6202aab1-2e1d-49d5-bb18-465ae6d9d8df"
        time="1240259431673" x="424.0" y="299.0"/>
    <point id="9f653333-e71d-4e17-b68e-4f48c05c0845"
        time="1240259431694" x="435.0" y="304.0"/>
    <point id="c3740f34-ab71-4b9f-b776-e2b228b03a92"
        time="1240259431714" x="448.0" y="311.0"/>
    <point id="740d5d0b-c1d8-44b1-9d08-90fea6587a3f"
        time="1240259431735" x="467.0" y="326.0"/>
    <point id="9719f689-8655-46c9-874e-d1ce26d195bb"
        time="1240259431755" x="479.0" y="336.0"/>
    <point id="72000e6d-ef5c-4cbf-877f-b97f7da20ffe"
        time="1240259431776" x="485.0" y="343.0"/>
    <point id="a92dfcb1-fd5f-40b6-8a4d-7b1124ae516c"
        time="1240259431800" x="494.0" y="350.0"/>
    <point id="59cb8250-4c1a-46ee-811a-87bfe979bd51"
        time="1240259431820" x="502.0" y="356.0"/>
    <stroke id="4040b291-3293-480e-b9f6-99cbdc9e4d2b" visible="true">
        <arg type="point">cd78cc70-d7e9-428e-8253-ce96081ac70c</arg>
        <arg type="point">28233162-f20b-49ab-a2c9-df2994b17400</arg>
        <arg type="point">1f154939-8ead-40a2-9d7c-b7a897bb2118</arg>
        <arg type="point">41f7eea0-5fb1-4154-9e09-d704c7e2dc0c</arg>
        <arg type="point">e07dd71c-61ba-4c46-9f13-2147dbd37e98</arg>
        <arg type="point">b688d954-262f-445c-9ec5-a895664ce431</arg>
        <arg type="point">2aff7ae3-bb6b-42e1-a932-fbde70c58a93</arg>
        <arg type="point">83cdbed5-86c2-4e65-a84a-0e83fa91230a</arg>
        <arg type="point">411b8d1f-fe75-47f7-a2e0-0e1dac8fd5ca</arg>
        <arg type="point">b72ecf70-4cbf-4e3a-9f6f-62d5a9c87a66</arg>
        <arg type="point">6f0e8d14-872a-40b6-8af5-b9b1224bb46c</arg>
        <arg type="point">49abc435-94ad-4c12-954f-f0c19a774fb7</arg>
        <arg type="point">856d014b-896d-411f-9736-312e32811989</arg>
        <arg type="point">617d3ce7-ea3e-4efd-8e5e-20041ccf7bd6</arg>
    </stroke>
    <stroke id="297916ff-fcd3-4a42-9076-ea6ad21df0f8" visible="true">
        <arg type="point">eabf77ee-863c-49bd-b08f-436b84789dee</arg>
        <arg type="point">3e20ce8f-8751-4aa2-af00-6c2c3cfc15ca</arg>
        <arg type="point">c735b81c-f874-4c52-afdf-3bab3bca7d9e</arg>
        <arg type="point">c5ef7d24-b0ec-4bb5-8a77-1c5ce8434c40</arg>
        <arg type="point">3829522a-40c7-42c8-8522-2558cc33dc36</arg>
        <arg type="point">7e6c01e6-be14-4769-840a-09832ff47026</arg>
        <arg type="point">c1e7615c-14bc-4e36-87bc-b4a4bf6f0f5f</arg>
        <arg type="point">28b6971d-105a-4adc-9bc8-2cd32d8bcc4e</arg>
        <arg type="point">7928649f-dfe9-42dd-8872-1ee5f3eb5d46</arg>
        <arg type="point">91de0f6f-5599-4d6c-982b-5a831c1e3928</arg>
        <arg type="point">6bfbfd35-9eb3-496d-8061-09f61062313e</arg>
        <arg type="point">6202aab1-2e1d-49d5-bb18-465ae6d9d8df</arg>
        <arg type="point">9f653333-e71d-4e17-b68e-4f48c05c0845</arg>
        <arg type="point">c3740f34-ab71-4b9f-b776-e2b228b03a92</arg>
        <arg type="point">740d5d0b-c1d8-44b1-9d08-90fea6587a3f</arg>
        <arg type="point">9719f689-8655-46c9-874e-d1ce26d195bb</arg>
        <arg type="point">72000e6d-ef5c-4cbf-877f-b97f7da20ffe</arg>
        <arg type="point">a92dfcb1-fd5f-40b6-8a4d-7b1124ae516c</arg>
        <arg type="point">59cb8250-4c1a-46ee-811a-87bfe979bd51</arg>
    </stroke>
</sketch>
