<?xml version="1.0" encoding="UTF-8"?>
<sketch id="72ded704-94ab-4268-8eaf-7d14b695bb0e" type="SRL">
    <point id="c5a27dc4-48f3-47f1-8eac-a987b2d33bde"
        time="1240259172443" x="427.0" y="195.0"/>
    <point id="45b34ebf-a1eb-41e1-9f1c-76a3ea3ef6c0"
        time="1240259172499" x="428.0" y="196.0"/>
    <point id="a986a043-6d70-43a9-9165-fb3076c6ad9e"
        time="1240259172541" x="430.0" y="211.0"/>
    <point id="e0130cb3-d2a2-4594-96ab-d96920c2241a"
        time="1240259172563" x="433.0" y="223.0"/>
    <point id="7a099d1f-e420-48b2-827c-3d99708ed1c2"
        time="1240259172585" x="434.0" y="237.0"/>
    <point id="e868e6b8-e2f5-468e-99c1-14936364b805"
        time="1240259172607" x="433.0" y="250.0"/>
    <point id="27331f2e-1c2c-4a91-ac8c-5b64afacc0a8"
        time="1240259172628" x="427.0" y="260.0"/>
    <point id="33bd7b99-2cfd-49c6-bb04-81d032ee05c6"
        time="1240259172649" x="419.0" y="267.0"/>
    <point id="f2b34d4f-aa82-4e16-bead-3278a0d5f272"
        time="1240259172671" x="405.0" y="268.0"/>
    <point id="f9822fde-a961-43af-bbee-98bde70bf445"
        time="1240259172692" x="389.0" y="265.0"/>
    <point id="f78cf71c-cc3c-4001-9ba7-6fa046c3cb2d"
        time="1240259172712" x="377.0" y="256.0"/>
    <point id="7282fcab-ec78-43a1-a7df-a8756b2f018d"
        time="1240259172733" x="370.0" y="250.0"/>
    <point id="98b61f94-3317-420d-9d7f-0e641f9bda33"
        time="1240259172754" x="370.0" y="247.0"/>
    <stroke id="4233e021-3a70-4994-a0d9-02a2698fce73" visible="true">
        <arg type="point">c5a27dc4-48f3-47f1-8eac-a987b2d33bde</arg>
        <arg type="point">45b34ebf-a1eb-41e1-9f1c-76a3ea3ef6c0</arg>
        <arg type="point">a986a043-6d70-43a9-9165-fb3076c6ad9e</arg>
        <arg type="point">e0130cb3-d2a2-4594-96ab-d96920c2241a</arg>
        <arg type="point">7a099d1f-e420-48b2-827c-3d99708ed1c2</arg>
        <arg type="point">e868e6b8-e2f5-468e-99c1-14936364b805</arg>
        <arg type="point">27331f2e-1c2c-4a91-ac8c-5b64afacc0a8</arg>
        <arg type="point">33bd7b99-2cfd-49c6-bb04-81d032ee05c6</arg>
        <arg type="point">f2b34d4f-aa82-4e16-bead-3278a0d5f272</arg>
        <arg type="point">f9822fde-a961-43af-bbee-98bde70bf445</arg>
        <arg type="point">f78cf71c-cc3c-4001-9ba7-6fa046c3cb2d</arg>
        <arg type="point">7282fcab-ec78-43a1-a7df-a8756b2f018d</arg>
        <arg type="point">98b61f94-3317-420d-9d7f-0e641f9bda33</arg>
    </stroke>
</sketch>
