<?xml version="1.0" encoding="UTF-8"?>
<sketch id="1ead5036-d26d-48e8-a380-fbde3c46b479" type="SRL">
    <point id="3e2c7075-1b86-4375-a367-ead9cd39a73c"
        time="1240260508279" x="418.0" y="106.0"/>
    <point id="03e0aca6-288e-484c-9568-8d26c72b0f70"
        time="1240260508300" x="417.0" y="112.0"/>
    <point id="07f2c5f4-1ce6-4c2a-95b9-9318f34d688e"
        time="1240260508342" x="419.0" y="130.0"/>
    <point id="bc03ea5c-6d88-4b91-9b38-7901fb3b1743"
        time="1240260508362" x="423.0" y="145.0"/>
    <point id="bf300fd5-6a7b-4b6e-8563-eff902bed42b"
        time="1240260508382" x="427.0" y="163.0"/>
    <point id="03c59a95-a52f-40e9-9c64-dc157f721ecd"
        time="1240260508403" x="432.0" y="183.0"/>
    <point id="3b7cb2c6-e482-424a-8831-b9b145f942d8"
        time="1240260508423" x="434.0" y="204.0"/>
    <point id="0fa6a871-11ff-4c5e-b553-bbf05f3212f4"
        time="1240260508443" x="431.0" y="227.0"/>
    <point id="e87e8a05-453a-42a8-b733-4e92adee64da"
        time="1240260508464" x="422.0" y="250.0"/>
    <point id="261cf0c9-6803-4c54-9eb6-584bb281cb1c"
        time="1240260508484" x="408.0" y="270.0"/>
    <point id="8d72b921-1813-4c61-b03e-d5557b293a40"
        time="1240260508505" x="393.0" y="283.0"/>
    <point id="5a025627-b584-4934-8a7f-739fc1eb0d8d"
        time="1240260508525" x="375.0" y="291.0"/>
    <point id="45b842c6-ebfb-4856-a92f-2f6bba47ab01"
        time="1240260508545" x="359.0" y="291.0"/>
    <point id="f5378089-9aec-4235-8b4d-5dce5156a737"
        time="1240260508566" x="348.0" y="289.0"/>
    <point id="caf803ab-fd14-4a15-b68b-8d8f6e813d6d"
        time="1240260508586" x="335.0" y="284.0"/>
    <point id="9adb3bae-3743-4241-b6aa-14d67c4bc7ab"
        time="1240260508607" x="325.0" y="277.0"/>
    <stroke id="d04068b1-a4d7-4ac1-9a52-243cfdc25f1b" visible="true">
        <arg type="point">3e2c7075-1b86-4375-a367-ead9cd39a73c</arg>
        <arg type="point">03e0aca6-288e-484c-9568-8d26c72b0f70</arg>
        <arg type="point">07f2c5f4-1ce6-4c2a-95b9-9318f34d688e</arg>
        <arg type="point">bc03ea5c-6d88-4b91-9b38-7901fb3b1743</arg>
        <arg type="point">bf300fd5-6a7b-4b6e-8563-eff902bed42b</arg>
        <arg type="point">03c59a95-a52f-40e9-9c64-dc157f721ecd</arg>
        <arg type="point">3b7cb2c6-e482-424a-8831-b9b145f942d8</arg>
        <arg type="point">0fa6a871-11ff-4c5e-b553-bbf05f3212f4</arg>
        <arg type="point">e87e8a05-453a-42a8-b733-4e92adee64da</arg>
        <arg type="point">261cf0c9-6803-4c54-9eb6-584bb281cb1c</arg>
        <arg type="point">8d72b921-1813-4c61-b03e-d5557b293a40</arg>
        <arg type="point">5a025627-b584-4934-8a7f-739fc1eb0d8d</arg>
        <arg type="point">45b842c6-ebfb-4856-a92f-2f6bba47ab01</arg>
        <arg type="point">f5378089-9aec-4235-8b4d-5dce5156a737</arg>
        <arg type="point">caf803ab-fd14-4a15-b68b-8d8f6e813d6d</arg>
        <arg type="point">9adb3bae-3743-4241-b6aa-14d67c4bc7ab</arg>
    </stroke>
</sketch>
