<?xml version="1.0" encoding="UTF-8"?>
<sketch id="a1bfe77f-9729-4523-911f-0bb6c1b6ca5a" type="SRL">
    <point id="b1870662-f275-4524-aa31-aad03c06d843"
        time="1240260725870" x="441.0" y="183.0"/>
    <point id="dcc68f9c-bfa2-4b4f-8824-a53445d7d9c6"
        time="1240260725890" x="443.0" y="187.0"/>
    <point id="5bdbf018-b755-408b-bade-321cc4e52ed8"
        time="1240260725932" x="452.0" y="216.0"/>
    <point id="e02ff3ce-8f32-4293-9c4c-3af9bf28dab8"
        time="1240260725953" x="453.0" y="235.0"/>
    <point id="5867b413-fdc5-4bd6-ac67-99b770046023"
        time="1240260725973" x="449.0" y="252.0"/>
    <point id="63cb498f-6508-4d0f-b269-c6d2d5d7130a"
        time="1240260725993" x="441.0" y="262.0"/>
    <point id="5e01faae-71ad-4074-b000-7459cd970069"
        time="1240260726014" x="427.0" y="265.0"/>
    <point id="dc9c0902-2ef9-4c11-9c33-f55dccd8040b"
        time="1240260726034" x="410.0" y="260.0"/>
    <point id="3229d324-30d5-4256-93ff-d3fbe52a9988"
        time="1240260726054" x="394.0" y="253.0"/>
    <stroke id="2e69249d-40ea-4c51-aca8-628e9ca5635e" visible="true">
        <arg type="point">b1870662-f275-4524-aa31-aad03c06d843</arg>
        <arg type="point">dcc68f9c-bfa2-4b4f-8824-a53445d7d9c6</arg>
        <arg type="point">5bdbf018-b755-408b-bade-321cc4e52ed8</arg>
        <arg type="point">e02ff3ce-8f32-4293-9c4c-3af9bf28dab8</arg>
        <arg type="point">5867b413-fdc5-4bd6-ac67-99b770046023</arg>
        <arg type="point">63cb498f-6508-4d0f-b269-c6d2d5d7130a</arg>
        <arg type="point">5e01faae-71ad-4074-b000-7459cd970069</arg>
        <arg type="point">dc9c0902-2ef9-4c11-9c33-f55dccd8040b</arg>
        <arg type="point">3229d324-30d5-4256-93ff-d3fbe52a9988</arg>
    </stroke>
</sketch>
