<?xml version="1.0" encoding="UTF-8"?>
<sketch id="8d7b7796-67a8-48eb-8c0b-c7e781c3d953" type="SRL">
    <point id="8587935f-4d19-42fc-a8a1-9fa484685c8a"
        time="1240259237812" x="446.0" y="234.0"/>
    <point id="b69a442c-a35e-4387-a4d5-d378cbae7291"
        time="1240259237863" x="446.0" y="232.0"/>
    <point id="fb3cc001-bc27-42a7-82e9-df1d68007f8b"
        time="1240259237904" x="446.0" y="231.0"/>
    <point id="20614da9-f53f-4181-8b07-fb28ec42c47f"
        time="1240259237926" x="444.0" y="230.0"/>
    <point id="12db11e7-061c-4df4-a883-0cae573d41ca"
        time="1240259237947" x="440.0" y="230.0"/>
    <point id="b47a780c-3c0e-4766-a27b-917156d5062b"
        time="1240259237968" x="431.0" y="230.0"/>
    <point id="86fbbe30-e30d-440c-b667-b36debeefe55"
        time="1240259237988" x="425.0" y="232.0"/>
    <point id="5173a476-a8bf-4e3d-b7ae-374c2e817614"
        time="1240259238009" x="414.0" y="237.0"/>
    <point id="512190fd-5393-4d3a-a77a-65303f6bdb42"
        time="1240259238030" x="403.0" y="244.0"/>
    <point id="dde081ba-adc7-4435-abe5-74e1eca39f95"
        time="1240259238051" x="396.0" y="254.0"/>
    <point id="4084ee1c-2fff-4f6f-93c8-d5e1c9a20498"
        time="1240259238072" x="396.0" y="260.0"/>
    <point id="f2b9114e-8381-4674-acb0-654869a3c44f"
        time="1240259238092" x="401.0" y="266.0"/>
    <point id="9c06179e-88aa-46b2-b969-0c964d240dcc"
        time="1240259238113" x="406.0" y="270.0"/>
    <point id="8e18bbe1-8581-4baa-829f-3e7fb630571a"
        time="1240259238134" x="418.0" y="276.0"/>
    <point id="4b472fba-06f3-4323-8b8c-4b0c654c3dca"
        time="1240259238155" x="431.0" y="282.0"/>
    <point id="f0758168-ec07-4dee-86c6-bd2991ecccc4"
        time="1240259238176" x="446.0" y="291.0"/>
    <point id="cb3cf1f8-3c4d-4166-9907-2af1c02f9a6e"
        time="1240259238197" x="452.0" y="296.0"/>
    <point id="a7ba8d2e-494c-46c8-a441-dbc25d66b6fd"
        time="1240259238218" x="459.0" y="302.0"/>
    <point id="c9ae38b0-816b-4cc9-a5f9-81a1377835e5"
        time="1240259238239" x="463.0" y="311.0"/>
    <point id="da5bfeff-c1cd-49db-8d5d-690289bd9613"
        time="1240259238259" x="461.0" y="316.0"/>
    <point id="140310eb-11db-44db-abf4-76a1e7a28801"
        time="1240259238280" x="454.0" y="320.0"/>
    <point id="3d89fcf2-2d9a-4720-a7a5-1ece1f00966a"
        time="1240259238301" x="441.0" y="323.0"/>
    <point id="02dac5c2-c449-4de5-8c95-7dd6ebc84112"
        time="1240259238322" x="429.0" y="323.0"/>
    <point id="c5d993d4-9e1e-4113-ac27-142741febbeb"
        time="1240259238343" x="402.0" y="322.0"/>
    <point id="21c48ed4-53a9-4c05-89de-45a981377dab"
        time="1240259238364" x="388.0" y="318.0"/>
    <point id="1e4986b7-50b4-4f0e-927f-5cd2d66d088b"
        time="1240259238385" x="381.0" y="315.0"/>
    <point id="f007b83f-ee1a-4b9d-acd7-3d5bff82de0c"
        time="1240259238406" x="382.0" y="312.0"/>
    <point id="5f5f5ea3-ff6d-4f4a-b07e-8110f72ed530"
        time="1240259238427" x="387.0" y="311.0"/>
    <stroke id="63a47a06-bc49-4b13-b0aa-0172e2172fa7" visible="true">
        <arg type="point">8587935f-4d19-42fc-a8a1-9fa484685c8a</arg>
        <arg type="point">b69a442c-a35e-4387-a4d5-d378cbae7291</arg>
        <arg type="point">fb3cc001-bc27-42a7-82e9-df1d68007f8b</arg>
        <arg type="point">20614da9-f53f-4181-8b07-fb28ec42c47f</arg>
        <arg type="point">12db11e7-061c-4df4-a883-0cae573d41ca</arg>
        <arg type="point">b47a780c-3c0e-4766-a27b-917156d5062b</arg>
        <arg type="point">86fbbe30-e30d-440c-b667-b36debeefe55</arg>
        <arg type="point">5173a476-a8bf-4e3d-b7ae-374c2e817614</arg>
        <arg type="point">512190fd-5393-4d3a-a77a-65303f6bdb42</arg>
        <arg type="point">dde081ba-adc7-4435-abe5-74e1eca39f95</arg>
        <arg type="point">4084ee1c-2fff-4f6f-93c8-d5e1c9a20498</arg>
        <arg type="point">f2b9114e-8381-4674-acb0-654869a3c44f</arg>
        <arg type="point">9c06179e-88aa-46b2-b969-0c964d240dcc</arg>
        <arg type="point">8e18bbe1-8581-4baa-829f-3e7fb630571a</arg>
        <arg type="point">4b472fba-06f3-4323-8b8c-4b0c654c3dca</arg>
        <arg type="point">f0758168-ec07-4dee-86c6-bd2991ecccc4</arg>
        <arg type="point">cb3cf1f8-3c4d-4166-9907-2af1c02f9a6e</arg>
        <arg type="point">a7ba8d2e-494c-46c8-a441-dbc25d66b6fd</arg>
        <arg type="point">c9ae38b0-816b-4cc9-a5f9-81a1377835e5</arg>
        <arg type="point">da5bfeff-c1cd-49db-8d5d-690289bd9613</arg>
        <arg type="point">140310eb-11db-44db-abf4-76a1e7a28801</arg>
        <arg type="point">3d89fcf2-2d9a-4720-a7a5-1ece1f00966a</arg>
        <arg type="point">02dac5c2-c449-4de5-8c95-7dd6ebc84112</arg>
        <arg type="point">c5d993d4-9e1e-4113-ac27-142741febbeb</arg>
        <arg type="point">21c48ed4-53a9-4c05-89de-45a981377dab</arg>
        <arg type="point">1e4986b7-50b4-4f0e-927f-5cd2d66d088b</arg>
        <arg type="point">f007b83f-ee1a-4b9d-acd7-3d5bff82de0c</arg>
        <arg type="point">5f5f5ea3-ff6d-4f4a-b07e-8110f72ed530</arg>
    </stroke>
</sketch>
