<?xml version="1.0" encoding="UTF-8"?>
<sketch id="bde096d1-de77-4e1d-9d59-f839836bb7b7" type="SRL">
    <point id="61ccecc5-ec23-4874-a5e6-48df1d599221"
        time="1240260544633" x="437.0" y="106.0"/>
    <point id="a9b7adea-b0c4-429a-a39a-6a7356892aaa"
        time="1240260544653" x="427.0" y="113.0"/>
    <point id="1c53cc79-a715-4421-9c21-f18ea668abb1"
        time="1240260544695" x="407.0" y="127.0"/>
    <point id="737fdd40-a1c6-40aa-9838-b45d24669f67"
        time="1240260544716" x="399.0" y="135.0"/>
    <point id="77caa66b-fb32-4919-9f39-5c9d0bf73b93"
        time="1240260544736" x="394.0" y="143.0"/>
    <point id="82ed25ba-84e0-43eb-91b2-f2514290ac6f"
        time="1240260544756" x="395.0" y="151.0"/>
    <point id="0fe6726e-94f4-42e0-99ae-6b5b076c3f0e"
        time="1240260544777" x="403.0" y="158.0"/>
    <point id="7008fb94-cf54-483d-bec5-80aa98462a71"
        time="1240260544799" x="418.0" y="167.0"/>
    <point id="080ef5fc-d267-498e-a7f4-f684c7c9520e"
        time="1240260544820" x="434.0" y="177.0"/>
    <point id="91fc531c-023b-4083-8801-cbb6a9f542a8"
        time="1240260544840" x="448.0" y="188.0"/>
    <point id="effb384f-45ba-4a3e-9e53-92b4198cef45"
        time="1240260544860" x="456.0" y="200.0"/>
    <point id="e6697b08-5479-4ec3-b33c-9d2b793d39c0"
        time="1240260544881" x="457.0" y="213.0"/>
    <point id="d80d767f-caa8-42b7-a438-c147f350b8cd"
        time="1240260544901" x="452.0" y="228.0"/>
    <point id="44a82dfd-ede9-46d8-a3c3-fd2edae56afb"
        time="1240260544921" x="440.0" y="242.0"/>
    <point id="b117ae6b-aa0a-48f3-a010-3a1d79df1199"
        time="1240260544942" x="423.0" y="255.0"/>
    <point id="5e799ec0-59b4-4468-ba35-0c1afca00ab5"
        time="1240260544962" x="404.0" y="263.0"/>
    <point id="130434c6-0b5c-4acf-be85-3967f8605694"
        time="1240260544982" x="386.0" y="266.0"/>
    <point id="56c46583-40f0-47b4-8962-f47fd73a1fa4"
        time="1240260545003" x="376.0" y="265.0"/>
    <stroke id="7b928346-ce3a-49a0-b436-051986e0fedc" visible="true">
        <arg type="point">61ccecc5-ec23-4874-a5e6-48df1d599221</arg>
        <arg type="point">a9b7adea-b0c4-429a-a39a-6a7356892aaa</arg>
        <arg type="point">1c53cc79-a715-4421-9c21-f18ea668abb1</arg>
        <arg type="point">737fdd40-a1c6-40aa-9838-b45d24669f67</arg>
        <arg type="point">77caa66b-fb32-4919-9f39-5c9d0bf73b93</arg>
        <arg type="point">82ed25ba-84e0-43eb-91b2-f2514290ac6f</arg>
        <arg type="point">0fe6726e-94f4-42e0-99ae-6b5b076c3f0e</arg>
        <arg type="point">7008fb94-cf54-483d-bec5-80aa98462a71</arg>
        <arg type="point">080ef5fc-d267-498e-a7f4-f684c7c9520e</arg>
        <arg type="point">91fc531c-023b-4083-8801-cbb6a9f542a8</arg>
        <arg type="point">effb384f-45ba-4a3e-9e53-92b4198cef45</arg>
        <arg type="point">e6697b08-5479-4ec3-b33c-9d2b793d39c0</arg>
        <arg type="point">d80d767f-caa8-42b7-a438-c147f350b8cd</arg>
        <arg type="point">44a82dfd-ede9-46d8-a3c3-fd2edae56afb</arg>
        <arg type="point">b117ae6b-aa0a-48f3-a010-3a1d79df1199</arg>
        <arg type="point">5e799ec0-59b4-4468-ba35-0c1afca00ab5</arg>
        <arg type="point">130434c6-0b5c-4acf-be85-3967f8605694</arg>
        <arg type="point">56c46583-40f0-47b4-8962-f47fd73a1fa4</arg>
    </stroke>
</sketch>
