<?xml version="1.0" encoding="UTF-8"?>
<sketch id="d9339872-31d2-4aa8-9a24-6bb148352708" type="SRL">
    <point id="4afc67d6-15cf-4639-869f-fc610b5d4049"
        time="1240260633772" x="467.0" y="140.0"/>
    <point id="03408413-3229-4531-bb5a-95922408f54f"
        time="1240260633792" x="470.0" y="142.0"/>
    <point id="d34060a0-4307-4aaa-9f13-97802126863a"
        time="1240260633834" x="470.0" y="143.0"/>
    <point id="4b25404d-5185-4999-831f-3904bdc914e1"
        time="1240260633855" x="467.0" y="145.0"/>
    <point id="1fcad9ad-7e5e-4a55-906d-96638993e300"
        time="1240260633875" x="461.0" y="149.0"/>
    <point id="f18e95b6-64e1-4746-ae83-2d3f4f65fb32"
        time="1240260633896" x="447.0" y="157.0"/>
    <point id="cca046b7-b80d-442a-bc5e-b1009fb688ca"
        time="1240260633916" x="434.0" y="166.0"/>
    <point id="0d618ac4-8831-457e-8105-3016f9f8e81f"
        time="1240260633936" x="422.0" y="175.0"/>
    <point id="08040df8-abe4-4fb1-a48c-2e94cde3c462"
        time="1240260633957" x="418.0" y="179.0"/>
    <point id="9381b05e-e1b8-4310-ac45-3bac76965b2b"
        time="1240260633977" x="419.0" y="186.0"/>
    <point id="a7e56edc-f7a8-4f46-b7b2-1e162c634f1b"
        time="1240260633997" x="429.0" y="193.0"/>
    <point id="5589cb5d-eee0-4dfe-a7e9-15427e73e489"
        time="1240260634018" x="446.0" y="200.0"/>
    <point id="c6791fdf-e07c-430f-b1aa-6a9be06fa9b6"
        time="1240260634038" x="463.0" y="210.0"/>
    <point id="f006b205-a2f9-42f6-af9f-b1f9fc2bde1a"
        time="1240260634058" x="474.0" y="222.0"/>
    <point id="62db8cb9-5e07-49a8-9f2a-f676489fde66"
        time="1240260634079" x="480.0" y="232.0"/>
    <point id="aeb8027d-c616-404c-a695-0ac754f56a53"
        time="1240260634099" x="480.0" y="242.0"/>
    <point id="660ba494-fe40-4265-8424-3925eb4f9eba"
        time="1240260634119" x="472.0" y="252.0"/>
    <point id="64745fd0-5f5d-4e0f-891b-e4ccf4928f78"
        time="1240260634140" x="456.0" y="262.0"/>
    <point id="c76f51fd-90ca-4dab-bee3-74a70cbe64c1"
        time="1240260634160" x="438.0" y="269.0"/>
    <point id="a6f54e2c-36ec-4145-bc8f-e5b043d7cbf3"
        time="1240260634181" x="420.0" y="272.0"/>
    <point id="afb28e8f-0aec-40d7-a57b-0b80ae50b270"
        time="1240260634201" x="409.0" y="272.0"/>
    <stroke id="83322356-01ea-424b-9bb0-276d5e1e0e8d" visible="true">
        <arg type="point">4afc67d6-15cf-4639-869f-fc610b5d4049</arg>
        <arg type="point">03408413-3229-4531-bb5a-95922408f54f</arg>
        <arg type="point">d34060a0-4307-4aaa-9f13-97802126863a</arg>
        <arg type="point">4b25404d-5185-4999-831f-3904bdc914e1</arg>
        <arg type="point">1fcad9ad-7e5e-4a55-906d-96638993e300</arg>
        <arg type="point">f18e95b6-64e1-4746-ae83-2d3f4f65fb32</arg>
        <arg type="point">cca046b7-b80d-442a-bc5e-b1009fb688ca</arg>
        <arg type="point">0d618ac4-8831-457e-8105-3016f9f8e81f</arg>
        <arg type="point">08040df8-abe4-4fb1-a48c-2e94cde3c462</arg>
        <arg type="point">9381b05e-e1b8-4310-ac45-3bac76965b2b</arg>
        <arg type="point">a7e56edc-f7a8-4f46-b7b2-1e162c634f1b</arg>
        <arg type="point">5589cb5d-eee0-4dfe-a7e9-15427e73e489</arg>
        <arg type="point">c6791fdf-e07c-430f-b1aa-6a9be06fa9b6</arg>
        <arg type="point">f006b205-a2f9-42f6-af9f-b1f9fc2bde1a</arg>
        <arg type="point">62db8cb9-5e07-49a8-9f2a-f676489fde66</arg>
        <arg type="point">aeb8027d-c616-404c-a695-0ac754f56a53</arg>
        <arg type="point">660ba494-fe40-4265-8424-3925eb4f9eba</arg>
        <arg type="point">64745fd0-5f5d-4e0f-891b-e4ccf4928f78</arg>
        <arg type="point">c76f51fd-90ca-4dab-bee3-74a70cbe64c1</arg>
        <arg type="point">a6f54e2c-36ec-4145-bc8f-e5b043d7cbf3</arg>
        <arg type="point">afb28e8f-0aec-40d7-a57b-0b80ae50b270</arg>
    </stroke>
</sketch>
