<?xml version="1.0" encoding="UTF-8"?>
<sketch id="7fb6cfd5-45cf-4b80-b86e-9c184748e16f" type="SRL">
    <point id="777f39d8-cace-46cd-bfcc-d89cc4fc93a0"
        time="1240259187556" x="395.0" y="204.0"/>
    <point id="eab8b7a9-373d-46bd-9b5d-1f7a5c51bc6e"
        time="1240259187603" x="395.0" y="202.0"/>
    <point id="39c3e33f-3db6-4620-915b-9023ccf6b11f"
        time="1240259187645" x="396.0" y="205.0"/>
    <point id="54e49a67-b932-4efa-b3f4-73e31d68b78e"
        time="1240259187666" x="397.0" y="212.0"/>
    <point id="2dedf281-0650-4c86-9bef-52cfe09db64b"
        time="1240259187689" x="397.0" y="223.0"/>
    <point id="0c101434-a0cf-4a6c-aa77-ec302cbe73b2"
        time="1240259187710" x="398.0" y="235.0"/>
    <point id="ba9dd24f-07fa-48e7-9d29-f394e1357a89"
        time="1240259187732" x="399.0" y="248.0"/>
    <point id="0ea5965d-1814-4f12-a845-fb9e8e9107b4"
        time="1240259187753" x="400.0" y="260.0"/>
    <point id="75ce5778-9a2b-471b-987b-db06f247ea2b"
        time="1240259187774" x="400.0" y="269.0"/>
    <point id="6dd47ef9-4bfc-454e-ad32-912e85d04c7f"
        time="1240259187795" x="400.0" y="276.0"/>
    <point id="ad3f61b9-0a6e-4b2d-8deb-3527c9db2f16"
        time="1240259187816" x="400.0" y="279.0"/>
    <point id="9fb6481d-f9e1-4805-a071-d1221d3f4dc5"
        time="1240259187839" x="400.0" y="281.0"/>
    <point id="a51a8854-7543-42f2-9ad9-ab2237293eff"
        time="1240259187862" x="401.0" y="281.0"/>
    <point id="51d22cf2-c1c8-4bcc-9989-073921223cb9"
        time="1240259187904" x="405.0" y="281.0"/>
    <point id="2a317955-289c-41c0-945d-b9fee2f8b915"
        time="1240259187925" x="415.0" y="279.0"/>
    <point id="0808ff1b-b74a-40ec-860a-8bc1305476fd"
        time="1240259187946" x="425.0" y="279.0"/>
    <point id="70d97d56-06d2-4b65-9d43-d5c2b00b3a0a"
        time="1240259187967" x="448.0" y="277.0"/>
    <point id="85bdf1c8-9a41-4abb-8503-f95fd5396a2c"
        time="1240259187988" x="461.0" y="276.0"/>
    <point id="78db12a3-951d-4eb0-80b1-cd023807125c"
        time="1240259188008" x="469.0" y="275.0"/>
    <point id="315febb2-8d82-4c17-854f-f5352d5f8bbe"
        time="1240259188029" x="471.0" y="274.0"/>
    <stroke id="06ba521d-a64b-4064-a0b4-469d829e02a1" visible="true">
        <arg type="point">777f39d8-cace-46cd-bfcc-d89cc4fc93a0</arg>
        <arg type="point">eab8b7a9-373d-46bd-9b5d-1f7a5c51bc6e</arg>
        <arg type="point">39c3e33f-3db6-4620-915b-9023ccf6b11f</arg>
        <arg type="point">54e49a67-b932-4efa-b3f4-73e31d68b78e</arg>
        <arg type="point">2dedf281-0650-4c86-9bef-52cfe09db64b</arg>
        <arg type="point">0c101434-a0cf-4a6c-aa77-ec302cbe73b2</arg>
        <arg type="point">ba9dd24f-07fa-48e7-9d29-f394e1357a89</arg>
        <arg type="point">0ea5965d-1814-4f12-a845-fb9e8e9107b4</arg>
        <arg type="point">75ce5778-9a2b-471b-987b-db06f247ea2b</arg>
        <arg type="point">6dd47ef9-4bfc-454e-ad32-912e85d04c7f</arg>
        <arg type="point">ad3f61b9-0a6e-4b2d-8deb-3527c9db2f16</arg>
        <arg type="point">9fb6481d-f9e1-4805-a071-d1221d3f4dc5</arg>
        <arg type="point">a51a8854-7543-42f2-9ad9-ab2237293eff</arg>
        <arg type="point">51d22cf2-c1c8-4bcc-9989-073921223cb9</arg>
        <arg type="point">2a317955-289c-41c0-945d-b9fee2f8b915</arg>
        <arg type="point">0808ff1b-b74a-40ec-860a-8bc1305476fd</arg>
        <arg type="point">70d97d56-06d2-4b65-9d43-d5c2b00b3a0a</arg>
        <arg type="point">85bdf1c8-9a41-4abb-8503-f95fd5396a2c</arg>
        <arg type="point">78db12a3-951d-4eb0-80b1-cd023807125c</arg>
        <arg type="point">315febb2-8d82-4c17-854f-f5352d5f8bbe</arg>
    </stroke>
</sketch>
