<?xml version="1.0" encoding="UTF-8"?>
<sketch id="a5a399c0-19cf-4ada-8f71-14141dbc2ebb" type="SRL">
    <point id="41cc40cd-a892-4eb4-a8e6-ac223843f76f"
        time="1240260959665" x="617.0" y="270.0"/>
    <point id="ee9aa8b2-af27-498e-aea7-3dccb46b1be5"
        time="1240260959680" x="617.0" y="268.0"/>
    <point id="1aec2a47-d4a8-4582-aabb-caac4ffd5e60"
        time="1240260959696" x="617.0" y="269.0"/>
    <point id="a3a9b6b6-48d4-41a4-9f01-95c4bc85c786"
        time="1240260959712" x="616.0" y="270.0"/>
    <point id="e93f6878-cc49-4f0d-a2b5-68932dad1a77"
        time="1240260959712" x="617.0" y="271.0"/>
    <point id="6ccdb51a-da62-4207-879a-1e3072171651"
        time="1240260959727" x="617.0" y="273.0"/>
    <point id="26659979-9664-4976-8c0b-8a34f790ffb1"
        time="1240260959727" x="617.0" y="275.0"/>
    <point id="034bf996-07dc-4bed-beb2-8eccd27ed99e"
        time="1240260959743" x="618.0" y="278.0"/>
    <point id="c1b3b3a0-396f-4322-bb86-727c61b6c1ef"
        time="1240260959743" x="618.0" y="281.0"/>
    <point id="a0cec45d-f0f1-4c27-bbc5-fb1408af2808"
        time="1240260959759" x="618.0" y="284.0"/>
    <point id="37f59791-b21d-482d-90bf-de5ce6c1d323"
        time="1240260959759" x="618.0" y="287.0"/>
    <point id="1e0d0f1d-1515-4f90-99d9-c0535734540b"
        time="1240260959774" x="619.0" y="290.0"/>
    <point id="f6893b6a-94b8-4d82-a367-ff317345f9e0"
        time="1240260959774" x="619.0" y="294.0"/>
    <point id="d191b80c-3eb2-4a13-8633-ddca86c81593"
        time="1240260959774" x="619.0" y="297.0"/>
    <point id="86ece5a8-06bc-408b-a0a0-0b74b4378869"
        time="1240260959790" x="619.0" y="301.0"/>
    <point id="b41ef847-2944-4daf-b4f8-5f4a644d03cc"
        time="1240260959790" x="619.0" y="304.0"/>
    <point id="0c73cf7b-70bb-4fe5-914a-e70744b8b4ad"
        time="1240260959805" x="618.0" y="307.0"/>
    <point id="087ba914-022e-4aa7-a8e9-8fbe9a54806d"
        time="1240260959805" x="618.0" y="309.0"/>
    <point id="9a5060e1-2fa6-420a-9186-df2071830b9e"
        time="1240260959821" x="618.0" y="311.0"/>
    <point id="bd51090c-3094-43b1-b9e1-1691427aa876"
        time="1240260959821" x="618.0" y="313.0"/>
    <point id="c6554517-25ab-42a8-b784-bacce99b0d45"
        time="1240260959821" x="618.0" y="314.0"/>
    <point id="efe9ad7a-bb47-4b87-a0fd-3533c3bd147a"
        time="1240260959837" x="619.0" y="315.0"/>
    <point id="bc992e17-6fe0-4aac-a5a5-2cd2c874cb31"
        time="1240260959852" x="620.0" y="315.0"/>
    <point id="2cc2a1d8-0bb6-4a86-9bba-5930298712b4"
        time="1240260959868" x="621.0" y="316.0"/>
    <point id="d3540ea2-cf6e-42fa-bf8a-e7206e794751"
        time="1240260959868" x="623.0" y="316.0"/>
    <point id="647d76ce-06d4-4c4a-a8c1-b95147d79f49"
        time="1240260959868" x="625.0" y="316.0"/>
    <point id="790e8031-d39f-4d20-9472-aa53dc8a11b9"
        time="1240260959884" x="626.0" y="317.0"/>
    <point id="cdb6e83c-405b-4587-8fb7-04baa0cc0ef8"
        time="1240260959899" x="628.0" y="317.0"/>
    <point id="5fcc6637-d780-4a89-9222-a18b2fb66fec"
        time="1240260959899" x="630.0" y="317.0"/>
    <point id="e9c245d6-5917-4e4e-969a-80ed2863f700"
        time="1240260959899" x="632.0" y="317.0"/>
    <point id="fecb16cb-174f-481d-b46a-9e910fc220bc"
        time="1240260959915" x="633.0" y="317.0"/>
    <point id="c175450b-54dc-48cc-88fa-c1e9bd7acbc2"
        time="1240260959915" x="635.0" y="317.0"/>
    <point id="e3bf8bb1-4240-45e6-ba14-dbf8e5e79430"
        time="1240260959930" x="636.0" y="317.0"/>
    <point id="f1cb189e-23aa-46f5-a3d8-7fd73fd8b465"
        time="1240260959930" x="638.0" y="317.0"/>
    <point id="b5ace57f-3f42-48bf-9af7-a76341e44842"
        time="1240260959946" x="640.0" y="316.0"/>
    <stroke id="08a8a478-f966-43a8-93d6-dbd70bdb0db4" visible="true">
        <arg type="point">41cc40cd-a892-4eb4-a8e6-ac223843f76f</arg>
        <arg type="point">ee9aa8b2-af27-498e-aea7-3dccb46b1be5</arg>
        <arg type="point">1aec2a47-d4a8-4582-aabb-caac4ffd5e60</arg>
        <arg type="point">a3a9b6b6-48d4-41a4-9f01-95c4bc85c786</arg>
        <arg type="point">e93f6878-cc49-4f0d-a2b5-68932dad1a77</arg>
        <arg type="point">6ccdb51a-da62-4207-879a-1e3072171651</arg>
        <arg type="point">26659979-9664-4976-8c0b-8a34f790ffb1</arg>
        <arg type="point">034bf996-07dc-4bed-beb2-8eccd27ed99e</arg>
        <arg type="point">c1b3b3a0-396f-4322-bb86-727c61b6c1ef</arg>
        <arg type="point">a0cec45d-f0f1-4c27-bbc5-fb1408af2808</arg>
        <arg type="point">37f59791-b21d-482d-90bf-de5ce6c1d323</arg>
        <arg type="point">1e0d0f1d-1515-4f90-99d9-c0535734540b</arg>
        <arg type="point">f6893b6a-94b8-4d82-a367-ff317345f9e0</arg>
        <arg type="point">d191b80c-3eb2-4a13-8633-ddca86c81593</arg>
        <arg type="point">86ece5a8-06bc-408b-a0a0-0b74b4378869</arg>
        <arg type="point">b41ef847-2944-4daf-b4f8-5f4a644d03cc</arg>
        <arg type="point">0c73cf7b-70bb-4fe5-914a-e70744b8b4ad</arg>
        <arg type="point">087ba914-022e-4aa7-a8e9-8fbe9a54806d</arg>
        <arg type="point">9a5060e1-2fa6-420a-9186-df2071830b9e</arg>
        <arg type="point">bd51090c-3094-43b1-b9e1-1691427aa876</arg>
        <arg type="point">c6554517-25ab-42a8-b784-bacce99b0d45</arg>
        <arg type="point">efe9ad7a-bb47-4b87-a0fd-3533c3bd147a</arg>
        <arg type="point">bc992e17-6fe0-4aac-a5a5-2cd2c874cb31</arg>
        <arg type="point">2cc2a1d8-0bb6-4a86-9bba-5930298712b4</arg>
        <arg type="point">d3540ea2-cf6e-42fa-bf8a-e7206e794751</arg>
        <arg type="point">647d76ce-06d4-4c4a-a8c1-b95147d79f49</arg>
        <arg type="point">790e8031-d39f-4d20-9472-aa53dc8a11b9</arg>
        <arg type="point">cdb6e83c-405b-4587-8fb7-04baa0cc0ef8</arg>
        <arg type="point">5fcc6637-d780-4a89-9222-a18b2fb66fec</arg>
        <arg type="point">e9c245d6-5917-4e4e-969a-80ed2863f700</arg>
        <arg type="point">fecb16cb-174f-481d-b46a-9e910fc220bc</arg>
        <arg type="point">c175450b-54dc-48cc-88fa-c1e9bd7acbc2</arg>
        <arg type="point">e3bf8bb1-4240-45e6-ba14-dbf8e5e79430</arg>
        <arg type="point">f1cb189e-23aa-46f5-a3d8-7fd73fd8b465</arg>
        <arg type="point">b5ace57f-3f42-48bf-9af7-a76341e44842</arg>
    </stroke>
</sketch>
