<?xml version="1.0" encoding="UTF-8"?>
<sketch id="34aa4661-0364-436f-9cbf-a03117f6bbd1" type="SRL">
    <point id="4677d6c0-187d-4b6d-8782-dd5a70afbad5"
        time="1240259428797" x="441.0" y="266.0"/>
    <point id="72e6fc38-22cd-4bc9-823d-f6bf14b90a72"
        time="1240259428817" x="444.0" y="263.0"/>
    <point id="1c280153-bfcf-4708-8b5f-a4aaf018acdf"
        time="1240259428861" x="442.0" y="255.0"/>
    <point id="cb7486c0-00f9-4fc6-b379-72848473ba56"
        time="1240259428881" x="437.0" y="252.0"/>
    <point id="371b5f59-7001-4e87-8cc2-7edb747fb28a"
        time="1240259428903" x="428.0" y="251.0"/>
    <point id="a8230e88-ec83-47c6-917f-b3bc3f74618f"
        time="1240259428923" x="414.0" y="254.0"/>
    <point id="83003cb3-bf59-445f-9305-d754984e6539"
        time="1240259428944" x="395.0" y="265.0"/>
    <point id="d0291c14-1d8a-41f5-b386-6fbed30e51ac"
        time="1240259428965" x="376.0" y="283.0"/>
    <point id="3d2fab15-0c09-4112-925a-0e313155b60d"
        time="1240259428986" x="366.0" y="307.0"/>
    <point id="08c0a0e4-3c40-489e-bae5-40833fe98b2f"
        time="1240259429007" x="368.0" y="327.0"/>
    <point id="1e8dbb34-89dd-4e0f-ac4d-7dbcf05aa0e1"
        time="1240259429028" x="382.0" y="338.0"/>
    <point id="0fc7c6cb-88a6-47a4-a3f1-c7cf3fccb5d4"
        time="1240259429049" x="402.0" y="343.0"/>
    <point id="9c8601ef-966c-433d-b90d-20c91e8f197e"
        time="1240259429070" x="422.0" y="344.0"/>
    <point id="81d7b2b9-256e-4210-8840-f58e71f179ef"
        time="1240259429090" x="438.0" y="339.0"/>
    <point id="f30a71fb-7d33-430a-b148-f53e5539dc22"
        time="1240259429111" x="451.0" y="328.0"/>
    <point id="ac1a1c11-2b27-4e61-81a5-c32f3e716aca"
        time="1240259429131" x="458.0" y="313.0"/>
    <point id="cf8217a3-2cba-4b9c-ba88-5fd40abb337f"
        time="1240259429152" x="458.0" y="295.0"/>
    <point id="b7be9894-e607-463b-9217-cbd550a8536b"
        time="1240259429173" x="453.0" y="278.0"/>
    <point id="fadbfc2b-4cca-49f9-bb30-f0171f0d5377"
        time="1240259429193" x="446.0" y="265.0"/>
    <point id="ae808ac7-a7be-42a8-88f5-2ccb352c0dd3"
        time="1240259429214" x="438.0" y="254.0"/>
    <point id="5c1cfd5b-7daf-4ec8-b121-5de93c5ebc03"
        time="1240259429234" x="432.0" y="250.0"/>
    <point id="b9419310-19bb-4e3f-8913-f6afca4f478e"
        time="1240259429255" x="430.0" y="251.0"/>
    <point id="1ef39632-50fb-4250-a009-418178217df7"
        time="1240259429276" x="430.0" y="252.0"/>
    <point id="9ec84ae2-aae8-4948-9d3e-9bc694e8905b"
        time="1240259429540" x="429.0" y="315.0"/>
    <point id="56bc10e9-432a-4b87-8a20-089c32e9fd50"
        time="1240259429563" x="429.0" y="316.0"/>
    <point id="7656e386-21c5-455c-b8b4-adb05e86d756"
        time="1240259429584" x="431.0" y="318.0"/>
    <point id="60d67b87-9206-4ac0-883c-1afa4efec9bb"
        time="1240259429604" x="436.0" y="324.0"/>
    <point id="feeb9988-7d0e-4ab5-a76c-d9b2166903c6"
        time="1240259429625" x="440.0" y="328.0"/>
    <point id="eedd1cfb-f576-4244-b058-9529887bc71f"
        time="1240259429646" x="447.0" y="335.0"/>
    <point id="6d2de783-54cd-4510-82b9-6861b064335d"
        time="1240259429667" x="455.0" y="343.0"/>
    <point id="e519069e-c30f-4bd9-9d64-5b3ded6bf28c"
        time="1240259429687" x="459.0" y="347.0"/>
    <point id="b8dc494d-6d56-48fa-87cd-69c90528129b"
        time="1240259429708" x="462.0" y="349.0"/>
    <stroke id="3071b333-5394-4f72-9325-91d8cf26444e" visible="true">
        <arg type="point">4677d6c0-187d-4b6d-8782-dd5a70afbad5</arg>
        <arg type="point">72e6fc38-22cd-4bc9-823d-f6bf14b90a72</arg>
        <arg type="point">1c280153-bfcf-4708-8b5f-a4aaf018acdf</arg>
        <arg type="point">cb7486c0-00f9-4fc6-b379-72848473ba56</arg>
        <arg type="point">371b5f59-7001-4e87-8cc2-7edb747fb28a</arg>
        <arg type="point">a8230e88-ec83-47c6-917f-b3bc3f74618f</arg>
        <arg type="point">83003cb3-bf59-445f-9305-d754984e6539</arg>
        <arg type="point">d0291c14-1d8a-41f5-b386-6fbed30e51ac</arg>
        <arg type="point">3d2fab15-0c09-4112-925a-0e313155b60d</arg>
        <arg type="point">08c0a0e4-3c40-489e-bae5-40833fe98b2f</arg>
        <arg type="point">1e8dbb34-89dd-4e0f-ac4d-7dbcf05aa0e1</arg>
        <arg type="point">0fc7c6cb-88a6-47a4-a3f1-c7cf3fccb5d4</arg>
        <arg type="point">9c8601ef-966c-433d-b90d-20c91e8f197e</arg>
        <arg type="point">81d7b2b9-256e-4210-8840-f58e71f179ef</arg>
        <arg type="point">f30a71fb-7d33-430a-b148-f53e5539dc22</arg>
        <arg type="point">ac1a1c11-2b27-4e61-81a5-c32f3e716aca</arg>
        <arg type="point">cf8217a3-2cba-4b9c-ba88-5fd40abb337f</arg>
        <arg type="point">b7be9894-e607-463b-9217-cbd550a8536b</arg>
        <arg type="point">fadbfc2b-4cca-49f9-bb30-f0171f0d5377</arg>
        <arg type="point">ae808ac7-a7be-42a8-88f5-2ccb352c0dd3</arg>
        <arg type="point">5c1cfd5b-7daf-4ec8-b121-5de93c5ebc03</arg>
        <arg type="point">b9419310-19bb-4e3f-8913-f6afca4f478e</arg>
        <arg type="point">1ef39632-50fb-4250-a009-418178217df7</arg>
    </stroke>
    <stroke id="34feca96-8be1-4bc7-92a0-7a3bbac6f723" visible="true">
        <arg type="point">9ec84ae2-aae8-4948-9d3e-9bc694e8905b</arg>
        <arg type="point">56bc10e9-432a-4b87-8a20-089c32e9fd50</arg>
        <arg type="point">7656e386-21c5-455c-b8b4-adb05e86d756</arg>
        <arg type="point">60d67b87-9206-4ac0-883c-1afa4efec9bb</arg>
        <arg type="point">feeb9988-7d0e-4ab5-a76c-d9b2166903c6</arg>
        <arg type="point">eedd1cfb-f576-4244-b058-9529887bc71f</arg>
        <arg type="point">6d2de783-54cd-4510-82b9-6861b064335d</arg>
        <arg type="point">e519069e-c30f-4bd9-9d64-5b3ded6bf28c</arg>
        <arg type="point">b8dc494d-6d56-48fa-87cd-69c90528129b</arg>
    </stroke>
</sketch>
