<?xml version="1.0" encoding="UTF-8"?>
<sketch id="fb6ff147-0d97-4cdc-9f63-43edfbe37017" type="SRL">
    <point id="72259c8f-f868-49dd-aeb2-8e3e40bc63fe"
        time="1240259184901" x="406.0" y="320.0"/>
    <point id="ad5bc8a5-6296-4ddd-9b3a-6d73a7fad48d"
        time="1240259184921" x="406.0" y="321.0"/>
    <point id="9b4ab0ed-39ef-4361-a9d3-2ac8157934cb"
        time="1240259184964" x="407.0" y="321.0"/>
    <point id="10a7c1ec-52c7-48a3-9b7a-f947b146517b"
        time="1240259184985" x="408.0" y="318.0"/>
    <point id="02c78767-c763-453f-9342-198c283ae154"
        time="1240259185006" x="410.0" y="313.0"/>
    <point id="c42df63e-45d0-4c70-bec7-b883ca2cbc9f"
        time="1240259185028" x="414.0" y="303.0"/>
    <point id="82f7e741-7874-463f-a082-5e6f700e0540"
        time="1240259185049" x="416.0" y="295.0"/>
    <point id="774bdf2a-252e-4375-8878-2d612427edf0"
        time="1240259185070" x="421.0" y="277.0"/>
    <point id="e235b584-e7f8-4714-9980-36984114fd40"
        time="1240259185091" x="427.0" y="254.0"/>
    <point id="133a59fb-4425-453e-bd9f-e3ef05075f66"
        time="1240259185114" x="429.0" y="244.0"/>
    <point id="9022daf0-6aa8-4228-ac4d-fb2ba6818e4c"
        time="1240259185135" x="431.0" y="238.0"/>
    <point id="3f2b25d3-47a3-47ec-8470-636a8f87309e"
        time="1240259185155" x="432.0" y="236.0"/>
    <point id="095220b6-54ed-4a43-964d-b3ec935f34ad"
        time="1240259185177" x="432.0" y="235.0"/>
    <point id="bcd4bc41-614f-4793-97e3-17e2bfe3361b"
        time="1240259185198" x="432.0" y="236.0"/>
    <point id="924a81d8-6ab1-46db-8714-edf3d69ce637"
        time="1240259185218" x="435.0" y="240.0"/>
    <point id="db223875-062d-46ea-8717-0bf607827d78"
        time="1240259185239" x="439.0" y="250.0"/>
    <point id="d43cb7a1-5f90-4e85-81b0-41b2996593bb"
        time="1240259185261" x="448.0" y="263.0"/>
    <point id="69166c45-d230-4d94-92bd-7b965c13b1ec"
        time="1240259185283" x="454.0" y="273.0"/>
    <point id="491fb435-88d1-4bc8-8042-1caa1feedaff"
        time="1240259185305" x="460.0" y="283.0"/>
    <point id="7822b091-2e2f-4d80-a564-5581aacafa81"
        time="1240259185327" x="475.0" y="310.0"/>
    <point id="d55ef212-c280-44e6-8651-c58ce13664f4"
        time="1240259185348" x="478.0" y="320.0"/>
    <point id="75c56a7c-4392-4ee1-84a9-9de6e5e90f21"
        time="1240259185369" x="480.0" y="325.0"/>
    <point id="0a768ea8-8fda-4b3f-aecc-d0d98c27dc85"
        time="1240259185390" x="480.0" y="327.0"/>
    <point id="ff95df92-8ef7-4af3-85a0-27ee2a798d77"
        time="1240259185411" x="478.0" y="325.0"/>
    <point id="e052759a-aa3b-4eb5-adaf-8dc8462fefeb"
        time="1240259185432" x="476.0" y="322.0"/>
    <point id="fac10462-f75f-4b57-bf28-87a7af861341"
        time="1240259185677" x="417.0" y="291.0"/>
    <point id="5f2025c7-31a3-4c79-9a01-7956d2a17144"
        time="1240259185698" x="421.0" y="291.0"/>
    <point id="40f4b967-a02c-4e65-9c5d-1be18779dbb7"
        time="1240259185723" x="422.0" y="291.0"/>
    <point id="77ae5610-7dfc-44b4-976c-544fc6af6a3a"
        time="1240259185744" x="424.0" y="291.0"/>
    <point id="247ebcbc-695d-4804-a6ac-1af31bbfe8ec"
        time="1240259185764" x="431.0" y="290.0"/>
    <point id="5a4246dd-889c-4ab6-9dda-7ad3239fcd93"
        time="1240259185785" x="442.0" y="289.0"/>
    <point id="fc43fbb3-5ee5-4365-9f64-5336ea63751f"
        time="1240259185806" x="453.0" y="289.0"/>
    <point id="27117bf1-b8ea-45ea-a585-44562eeab6af"
        time="1240259185827" x="463.0" y="288.0"/>
    <stroke id="4a174ca5-5932-470b-8a62-40aaf287b6cd" visible="true">
        <arg type="point">72259c8f-f868-49dd-aeb2-8e3e40bc63fe</arg>
        <arg type="point">ad5bc8a5-6296-4ddd-9b3a-6d73a7fad48d</arg>
        <arg type="point">9b4ab0ed-39ef-4361-a9d3-2ac8157934cb</arg>
        <arg type="point">10a7c1ec-52c7-48a3-9b7a-f947b146517b</arg>
        <arg type="point">02c78767-c763-453f-9342-198c283ae154</arg>
        <arg type="point">c42df63e-45d0-4c70-bec7-b883ca2cbc9f</arg>
        <arg type="point">82f7e741-7874-463f-a082-5e6f700e0540</arg>
        <arg type="point">774bdf2a-252e-4375-8878-2d612427edf0</arg>
        <arg type="point">e235b584-e7f8-4714-9980-36984114fd40</arg>
        <arg type="point">133a59fb-4425-453e-bd9f-e3ef05075f66</arg>
        <arg type="point">9022daf0-6aa8-4228-ac4d-fb2ba6818e4c</arg>
        <arg type="point">3f2b25d3-47a3-47ec-8470-636a8f87309e</arg>
        <arg type="point">095220b6-54ed-4a43-964d-b3ec935f34ad</arg>
        <arg type="point">bcd4bc41-614f-4793-97e3-17e2bfe3361b</arg>
        <arg type="point">924a81d8-6ab1-46db-8714-edf3d69ce637</arg>
        <arg type="point">db223875-062d-46ea-8717-0bf607827d78</arg>
        <arg type="point">d43cb7a1-5f90-4e85-81b0-41b2996593bb</arg>
        <arg type="point">69166c45-d230-4d94-92bd-7b965c13b1ec</arg>
        <arg type="point">491fb435-88d1-4bc8-8042-1caa1feedaff</arg>
        <arg type="point">7822b091-2e2f-4d80-a564-5581aacafa81</arg>
        <arg type="point">d55ef212-c280-44e6-8651-c58ce13664f4</arg>
        <arg type="point">75c56a7c-4392-4ee1-84a9-9de6e5e90f21</arg>
        <arg type="point">0a768ea8-8fda-4b3f-aecc-d0d98c27dc85</arg>
        <arg type="point">ff95df92-8ef7-4af3-85a0-27ee2a798d77</arg>
        <arg type="point">e052759a-aa3b-4eb5-adaf-8dc8462fefeb</arg>
    </stroke>
    <stroke id="4808d8de-c5f2-4129-9e02-2d6408df96b5" visible="true">
        <arg type="point">fac10462-f75f-4b57-bf28-87a7af861341</arg>
        <arg type="point">5f2025c7-31a3-4c79-9a01-7956d2a17144</arg>
        <arg type="point">40f4b967-a02c-4e65-9c5d-1be18779dbb7</arg>
        <arg type="point">77ae5610-7dfc-44b4-976c-544fc6af6a3a</arg>
        <arg type="point">247ebcbc-695d-4804-a6ac-1af31bbfe8ec</arg>
        <arg type="point">5a4246dd-889c-4ab6-9dda-7ad3239fcd93</arg>
        <arg type="point">fc43fbb3-5ee5-4365-9f64-5336ea63751f</arg>
        <arg type="point">27117bf1-b8ea-45ea-a585-44562eeab6af</arg>
    </stroke>
</sketch>
