<?xml version="1.0" encoding="UTF-8"?>
<sketch id="1745e731-a926-48f1-ae3b-39442a9578ee" type="SRL">
    <point id="fbaa9e63-6304-42a3-bb6c-26d6d16bd43d"
        time="1240259441787" x="444.0" y="248.0"/>
    <point id="b175e864-b8ab-4159-a754-44dd94015a26"
        time="1240259441807" x="447.0" y="251.0"/>
    <point id="32a273fc-00ef-41c5-9e87-d0c65cae0934"
        time="1240259441850" x="443.0" y="263.0"/>
    <point id="347db764-5853-4352-b78d-02c8f7c4c470"
        time="1240259441871" x="435.0" y="279.0"/>
    <point id="49bbb22a-f061-486a-8757-e29f754efada"
        time="1240259441892" x="427.0" y="296.0"/>
    <point id="38b0d2db-d4ca-4729-b15f-c4fd89092446"
        time="1240259441913" x="418.0" y="310.0"/>
    <point id="317cbead-1763-4fb4-be1c-a7381c0a0034"
        time="1240259441933" x="414.0" y="318.0"/>
    <point id="193d0222-9286-4102-80ed-1e8146fe06cd"
        time="1240259441954" x="411.0" y="325.0"/>
    <point id="444747ac-3041-4d2b-ab28-a21296b607e1"
        time="1240259441975" x="411.0" y="326.0"/>
    <point id="d7d8df83-6d67-44e1-8fc9-7aeceaee04fc"
        time="1240259441997" x="412.0" y="325.0"/>
    <point id="a94a806f-e5bf-4ad0-9444-7d9ac34134d3"
        time="1240259442119" x="445.0" y="259.0"/>
    <point id="6161be5f-be22-4ff3-89c9-6c7d43bf44ea"
        time="1240259442139" x="447.0" y="254.0"/>
    <point id="bc1e4d6b-fa4f-4562-a344-3552563782cf"
        time="1240259442162" x="447.0" y="252.0"/>
    <point id="3cb585a0-a478-4460-a996-5e91f0849ef2"
        time="1240259442183" x="447.0" y="254.0"/>
    <point id="4a43d4bb-da5b-467a-87b3-3db80e12c326"
        time="1240259442204" x="449.0" y="262.0"/>
    <point id="a2f4da66-95ce-4838-a27c-3ee69ce527e4"
        time="1240259442224" x="455.0" y="273.0"/>
    <point id="b1e76e09-eb7f-49bb-b7a3-3358385c14c4"
        time="1240259442245" x="464.0" y="288.0"/>
    <point id="5e074804-3841-4da7-9d9b-83c1c2f82a29"
        time="1240259442266" x="470.0" y="298.0"/>
    <point id="b5e8771a-8618-4f6b-8606-d5b2292736e3"
        time="1240259442286" x="478.0" y="312.0"/>
    <point id="dac8c5c6-78c5-4489-878b-15046635cb6c"
        time="1240259442307" x="485.0" y="328.0"/>
    <point id="ff3e2cf6-6385-434d-ba14-ace7c3a39a60"
        time="1240259442328" x="488.0" y="336.0"/>
    <point id="3e414741-bf0e-4f9b-8da8-773b5b3559f5"
        time="1240259442348" x="490.0" y="339.0"/>
    <point id="bf34406d-42f6-4e0e-a88a-e0dbc3dfe710"
        time="1240259442390" x="489.0" y="338.0"/>
    <point id="eb664db2-ee92-4216-8039-50724d5d912a"
        time="1240259442533" x="423.0" y="300.0"/>
    <point id="b24cad31-ae47-4fd5-ba05-7d65644b9115"
        time="1240259442553" x="420.0" y="300.0"/>
    <point id="d151d6d5-ac5c-4de6-ae26-5c08972f3e58"
        time="1240259442577" x="419.0" y="300.0"/>
    <point id="618ec422-5cef-4eae-b8fb-c513b7b82281"
        time="1240259442598" x="421.0" y="301.0"/>
    <point id="ea8ac9ad-fdc1-4ca4-82a7-f9cb6be75e75"
        time="1240259442618" x="430.0" y="301.0"/>
    <point id="7b57767f-b476-4057-b923-6df6c6e761cd"
        time="1240259442639" x="451.0" y="300.0"/>
    <point id="2551670b-8df8-4ad2-9e4a-3b164990728d"
        time="1240259442660" x="466.0" y="299.0"/>
    <point id="cc0fa6b5-4ce0-4fb8-8bca-ceffe14f5e4e"
        time="1240259442681" x="481.0" y="298.0"/>
    <stroke id="5e5dbd0f-531e-448b-a5dd-af1267cf42e4" visible="true">
        <arg type="point">fbaa9e63-6304-42a3-bb6c-26d6d16bd43d</arg>
        <arg type="point">b175e864-b8ab-4159-a754-44dd94015a26</arg>
        <arg type="point">32a273fc-00ef-41c5-9e87-d0c65cae0934</arg>
        <arg type="point">347db764-5853-4352-b78d-02c8f7c4c470</arg>
        <arg type="point">49bbb22a-f061-486a-8757-e29f754efada</arg>
        <arg type="point">38b0d2db-d4ca-4729-b15f-c4fd89092446</arg>
        <arg type="point">317cbead-1763-4fb4-be1c-a7381c0a0034</arg>
        <arg type="point">193d0222-9286-4102-80ed-1e8146fe06cd</arg>
        <arg type="point">444747ac-3041-4d2b-ab28-a21296b607e1</arg>
        <arg type="point">d7d8df83-6d67-44e1-8fc9-7aeceaee04fc</arg>
    </stroke>
    <stroke id="5ccdddcc-7e53-4242-9f46-5512291757a0" visible="true">
        <arg type="point">a94a806f-e5bf-4ad0-9444-7d9ac34134d3</arg>
        <arg type="point">6161be5f-be22-4ff3-89c9-6c7d43bf44ea</arg>
        <arg type="point">bc1e4d6b-fa4f-4562-a344-3552563782cf</arg>
        <arg type="point">3cb585a0-a478-4460-a996-5e91f0849ef2</arg>
        <arg type="point">4a43d4bb-da5b-467a-87b3-3db80e12c326</arg>
        <arg type="point">a2f4da66-95ce-4838-a27c-3ee69ce527e4</arg>
        <arg type="point">b1e76e09-eb7f-49bb-b7a3-3358385c14c4</arg>
        <arg type="point">5e074804-3841-4da7-9d9b-83c1c2f82a29</arg>
        <arg type="point">b5e8771a-8618-4f6b-8606-d5b2292736e3</arg>
        <arg type="point">dac8c5c6-78c5-4489-878b-15046635cb6c</arg>
        <arg type="point">ff3e2cf6-6385-434d-ba14-ace7c3a39a60</arg>
        <arg type="point">3e414741-bf0e-4f9b-8da8-773b5b3559f5</arg>
        <arg type="point">bf34406d-42f6-4e0e-a88a-e0dbc3dfe710</arg>
    </stroke>
    <stroke id="2a14d944-2581-4b4a-ae3e-63367125d098" visible="true">
        <arg type="point">eb664db2-ee92-4216-8039-50724d5d912a</arg>
        <arg type="point">b24cad31-ae47-4fd5-ba05-7d65644b9115</arg>
        <arg type="point">d151d6d5-ac5c-4de6-ae26-5c08972f3e58</arg>
        <arg type="point">618ec422-5cef-4eae-b8fb-c513b7b82281</arg>
        <arg type="point">ea8ac9ad-fdc1-4ca4-82a7-f9cb6be75e75</arg>
        <arg type="point">7b57767f-b476-4057-b923-6df6c6e761cd</arg>
        <arg type="point">2551670b-8df8-4ad2-9e4a-3b164990728d</arg>
        <arg type="point">cc0fa6b5-4ce0-4fb8-8bca-ceffe14f5e4e</arg>
    </stroke>
</sketch>
