<?xml version="1.0" encoding="UTF-8"?>
<sketch id="38b63ca8-abc1-43b3-bb01-c320ab7025f3" type="SRL">
    <point id="0cc9e8c6-ad3a-4c29-8a0d-81d0c74cdb8d"
        time="1240260595659" x="384.0" y="245.0"/>
    <point id="b4c212a1-a16a-4daa-ac74-5b6f09859aa4"
        time="1240260595679" x="385.0" y="248.0"/>
    <point id="76ee71f2-6eac-42cf-9867-7ab3fb45f474"
        time="1240260595721" x="390.0" y="233.0"/>
    <point id="80f3ec4c-5fd3-4f0a-959e-3cd5d1eca00d"
        time="1240260595741" x="394.0" y="220.0"/>
    <point id="bc630ee5-ad62-4ce9-be86-b29bb00ab291"
        time="1240260595762" x="402.0" y="197.0"/>
    <point id="dfb769ca-1340-4ba0-b219-8bf95887992c"
        time="1240260595782" x="412.0" y="165.0"/>
    <point id="e01d1633-e264-4031-bd8d-49e60846402d"
        time="1240260595803" x="419.0" y="154.0"/>
    <point id="7fb107de-8763-45a1-9566-37e73767e767"
        time="1240260595823" x="421.0" y="153.0"/>
    <point id="50f22e05-6fd8-4f3c-bf6e-a2d71b4c12f1"
        time="1240260595843" x="423.0" y="159.0"/>
    <point id="64b3845d-7de7-4fba-a80f-77da3c86d842"
        time="1240260595864" x="424.0" y="180.0"/>
    <point id="8a402d44-d601-47a2-91b0-ae80be493500"
        time="1240260595884" x="425.0" y="208.0"/>
    <point id="80634ca7-ca8e-4838-9a33-cf1e523bb90e"
        time="1240260595904" x="429.0" y="230.0"/>
    <point id="604f1435-a332-4c95-8c8d-f71c3d418994"
        time="1240260595925" x="434.0" y="244.0"/>
    <point id="7e35b8c4-2c24-46a8-aeeb-d5fd83a9d64b"
        time="1240260595945" x="437.0" y="252.0"/>
    <point id="2e2c99e8-db2e-4835-abee-8a14958eac9e"
        time="1240260595965" x="437.0" y="254.0"/>
    <point id="e6c5e0ff-feb5-4ca9-9f8f-a8098699a2fc"
        time="1240260595986" x="431.0" y="250.0"/>
    <point id="d44132a8-20d4-49df-9ff3-7de2176b8454"
        time="1240260596006" x="419.0" y="239.0"/>
    <point id="ec18ba51-4b1f-4a62-9aa1-0914da525c79"
        time="1240260596026" x="402.0" y="227.0"/>
    <point id="1e8c988d-784d-4e7c-b0a1-2ae72c5cdf3b"
        time="1240260596047" x="386.0" y="224.0"/>
    <point id="a9139693-25a3-4004-bc55-d211b03dd760"
        time="1240260596067" x="374.0" y="225.0"/>
    <point id="5e2e9ec6-55f1-47b0-8424-a4d2f12780bf"
        time="1240260596087" x="372.0" y="225.0"/>
    <point id="e714e786-237b-4826-868e-efb39ab8a6a3"
        time="1240260596108" x="384.0" y="221.0"/>
    <point id="fd3b47c2-4dcf-452e-a485-a8da2e80d43d"
        time="1240260596128" x="401.0" y="215.0"/>
    <point id="e79d6a1e-d681-4519-a2d8-0546c91d5980"
        time="1240260596148" x="423.0" y="209.0"/>
    <stroke id="328b6f1d-b627-4a70-90b2-ec5d25f84000" visible="true">
        <arg type="point">0cc9e8c6-ad3a-4c29-8a0d-81d0c74cdb8d</arg>
        <arg type="point">b4c212a1-a16a-4daa-ac74-5b6f09859aa4</arg>
        <arg type="point">76ee71f2-6eac-42cf-9867-7ab3fb45f474</arg>
        <arg type="point">80f3ec4c-5fd3-4f0a-959e-3cd5d1eca00d</arg>
        <arg type="point">bc630ee5-ad62-4ce9-be86-b29bb00ab291</arg>
        <arg type="point">dfb769ca-1340-4ba0-b219-8bf95887992c</arg>
        <arg type="point">e01d1633-e264-4031-bd8d-49e60846402d</arg>
        <arg type="point">7fb107de-8763-45a1-9566-37e73767e767</arg>
        <arg type="point">50f22e05-6fd8-4f3c-bf6e-a2d71b4c12f1</arg>
        <arg type="point">64b3845d-7de7-4fba-a80f-77da3c86d842</arg>
        <arg type="point">8a402d44-d601-47a2-91b0-ae80be493500</arg>
        <arg type="point">80634ca7-ca8e-4838-9a33-cf1e523bb90e</arg>
        <arg type="point">604f1435-a332-4c95-8c8d-f71c3d418994</arg>
        <arg type="point">7e35b8c4-2c24-46a8-aeeb-d5fd83a9d64b</arg>
        <arg type="point">2e2c99e8-db2e-4835-abee-8a14958eac9e</arg>
        <arg type="point">e6c5e0ff-feb5-4ca9-9f8f-a8098699a2fc</arg>
        <arg type="point">d44132a8-20d4-49df-9ff3-7de2176b8454</arg>
        <arg type="point">ec18ba51-4b1f-4a62-9aa1-0914da525c79</arg>
        <arg type="point">1e8c988d-784d-4e7c-b0a1-2ae72c5cdf3b</arg>
        <arg type="point">a9139693-25a3-4004-bc55-d211b03dd760</arg>
        <arg type="point">5e2e9ec6-55f1-47b0-8424-a4d2f12780bf</arg>
        <arg type="point">e714e786-237b-4826-868e-efb39ab8a6a3</arg>
        <arg type="point">fd3b47c2-4dcf-452e-a485-a8da2e80d43d</arg>
        <arg type="point">e79d6a1e-d681-4519-a2d8-0546c91d5980</arg>
    </stroke>
</sketch>
