<?xml version="1.0" encoding="UTF-8"?>
<sketch id="a4816eb3-fade-4bca-90ce-9078e2a5d8fd" type="SRL">
    <point id="82e6dbf6-dafb-420c-9c27-5b5194b482e7"
        time="1240260635646" x="425.0" y="268.0"/>
    <point id="2c6ceeda-1da4-4918-b723-5ac274760a4a"
        time="1240260635666" x="425.0" y="270.0"/>
    <point id="cd7edfe7-9d57-4a1a-84ac-ece3281df07f"
        time="1240260635708" x="428.0" y="251.0"/>
    <point id="87fb24c7-01ba-4792-9855-676300fa77ad"
        time="1240260635729" x="431.0" y="239.0"/>
    <point id="4a1a2241-37ca-40c3-b143-d4ca97902844"
        time="1240260635749" x="435.0" y="216.0"/>
    <point id="57688223-0ef1-483c-a99d-449e3a3096fa"
        time="1240260635769" x="439.0" y="192.0"/>
    <point id="e8c76fea-6d28-4fb7-b276-6fa18398106c"
        time="1240260635790" x="444.0" y="171.0"/>
    <point id="e6ca9396-e820-4f61-b427-51eccbf43641"
        time="1240260635810" x="449.0" y="157.0"/>
    <point id="521f7545-300d-49e6-93f3-fa851eb03d22"
        time="1240260635830" x="452.0" y="151.0"/>
    <point id="af57ed18-6edf-450d-84ca-6a74545bdd83"
        time="1240260635851" x="455.0" y="152.0"/>
    <point id="fa8e8952-0ad4-4bf3-8a18-ba7975a938cf"
        time="1240260635871" x="459.0" y="163.0"/>
    <point id="a5e1f6bf-27e2-4663-8847-5e38b8237d1e"
        time="1240260635891" x="463.0" y="184.0"/>
    <point id="d73a8d9b-100a-4eda-81a8-622f0b51464a"
        time="1240260635912" x="467.0" y="201.0"/>
    <point id="947a963e-920a-455b-819e-8d585fe27845"
        time="1240260635932" x="477.0" y="231.0"/>
    <point id="71316834-e981-40fd-a53b-ffc49226142f"
        time="1240260635952" x="483.0" y="250.0"/>
    <point id="8e905d0a-fa4e-47c3-8923-a826b1f2d17f"
        time="1240260635973" x="488.0" y="266.0"/>
    <point id="dd6324c2-eac2-4a2b-8a01-b6c1ba704708"
        time="1240260635993" x="490.0" y="275.0"/>
    <point id="5309eff7-e3ac-4287-b7a5-2c44fecd7c2a"
        time="1240260636013" x="491.0" y="278.0"/>
    <point id="7708792a-b34c-4312-ab31-88ea48b8dd89"
        time="1240260636034" x="489.0" y="277.0"/>
    <point id="0dc6cd67-c7c5-4751-9ce1-c5d1f075b5f9"
        time="1240260636054" x="484.0" y="271.0"/>
    <point id="79d7be2a-ce0a-4ae9-82a7-6ca4b893e24a"
        time="1240260636074" x="473.0" y="260.0"/>
    <point id="fa697f93-d52c-4b7a-9cd6-dc7f3c82a118"
        time="1240260636095" x="456.0" y="246.0"/>
    <point id="7f38f6bf-d6ba-4adb-bf24-9be943eba9a8"
        time="1240260636115" x="438.0" y="237.0"/>
    <point id="f75f8d2b-f405-4be4-968f-a7928bc4d330"
        time="1240260636135" x="423.0" y="233.0"/>
    <point id="9862032c-b3f9-4ea3-bedd-477c0f39bdf9"
        time="1240260636156" x="415.0" y="232.0"/>
    <point id="43d22aa4-3eca-44a9-aaa0-c77e122612f2"
        time="1240260636176" x="418.0" y="230.0"/>
    <point id="d4243eaf-8e09-4032-bb58-dcf079ae21fe"
        time="1240260636196" x="436.0" y="225.0"/>
    <point id="a1508c0d-b051-4516-8b40-74ed54559d5d"
        time="1240260636217" x="468.0" y="219.0"/>
    <point id="040bcf6e-cb13-4ec8-b822-25587662535b"
        time="1240260636237" x="480.0" y="218.0"/>
    <stroke id="24ac309b-a0e0-443f-a6b3-8e02025c034a" visible="true">
        <arg type="point">82e6dbf6-dafb-420c-9c27-5b5194b482e7</arg>
        <arg type="point">2c6ceeda-1da4-4918-b723-5ac274760a4a</arg>
        <arg type="point">cd7edfe7-9d57-4a1a-84ac-ece3281df07f</arg>
        <arg type="point">87fb24c7-01ba-4792-9855-676300fa77ad</arg>
        <arg type="point">4a1a2241-37ca-40c3-b143-d4ca97902844</arg>
        <arg type="point">57688223-0ef1-483c-a99d-449e3a3096fa</arg>
        <arg type="point">e8c76fea-6d28-4fb7-b276-6fa18398106c</arg>
        <arg type="point">e6ca9396-e820-4f61-b427-51eccbf43641</arg>
        <arg type="point">521f7545-300d-49e6-93f3-fa851eb03d22</arg>
        <arg type="point">af57ed18-6edf-450d-84ca-6a74545bdd83</arg>
        <arg type="point">fa8e8952-0ad4-4bf3-8a18-ba7975a938cf</arg>
        <arg type="point">a5e1f6bf-27e2-4663-8847-5e38b8237d1e</arg>
        <arg type="point">d73a8d9b-100a-4eda-81a8-622f0b51464a</arg>
        <arg type="point">947a963e-920a-455b-819e-8d585fe27845</arg>
        <arg type="point">71316834-e981-40fd-a53b-ffc49226142f</arg>
        <arg type="point">8e905d0a-fa4e-47c3-8923-a826b1f2d17f</arg>
        <arg type="point">dd6324c2-eac2-4a2b-8a01-b6c1ba704708</arg>
        <arg type="point">5309eff7-e3ac-4287-b7a5-2c44fecd7c2a</arg>
        <arg type="point">7708792a-b34c-4312-ab31-88ea48b8dd89</arg>
        <arg type="point">0dc6cd67-c7c5-4751-9ce1-c5d1f075b5f9</arg>
        <arg type="point">79d7be2a-ce0a-4ae9-82a7-6ca4b893e24a</arg>
        <arg type="point">fa697f93-d52c-4b7a-9cd6-dc7f3c82a118</arg>
        <arg type="point">7f38f6bf-d6ba-4adb-bf24-9be943eba9a8</arg>
        <arg type="point">f75f8d2b-f405-4be4-968f-a7928bc4d330</arg>
        <arg type="point">9862032c-b3f9-4ea3-bedd-477c0f39bdf9</arg>
        <arg type="point">43d22aa4-3eca-44a9-aaa0-c77e122612f2</arg>
        <arg type="point">d4243eaf-8e09-4032-bb58-dcf079ae21fe</arg>
        <arg type="point">a1508c0d-b051-4516-8b40-74ed54559d5d</arg>
        <arg type="point">040bcf6e-cb13-4ec8-b822-25587662535b</arg>
    </stroke>
</sketch>
