<?xml version="1.0" encoding="UTF-8"?>
<sketch id="394edd07-7de0-4774-9a70-a90e87f148cd" type="SRL">
    <point id="d5c4fd63-4e26-4a8f-b84c-97d4d08507cf"
        time="1240260664807" x="441.0" y="212.0"/>
    <point id="0d2a9e6c-4c1b-4e4b-8d5b-44aa00fafb8c"
        time="1240260664827" x="445.0" y="229.0"/>
    <point id="725f43eb-9b21-455e-8e64-2f86734883b2"
        time="1240260664870" x="448.0" y="252.0"/>
    <point id="2c2fc414-8c08-477f-9501-5c1b40c59b75"
        time="1240260664890" x="447.0" y="254.0"/>
    <point id="511a0b38-0c8d-4280-afcb-f9845b3ac83b"
        time="1240260664910" x="446.0" y="252.0"/>
    <point id="c11cbb7f-cbb2-4b1d-987c-f96db1f3025e"
        time="1240260664931" x="442.0" y="243.0"/>
    <point id="1f548c98-dfdc-48cc-8deb-c39a2b293b07"
        time="1240260664951" x="439.0" y="229.0"/>
    <point id="c186f919-7101-4126-82c0-dbe90dca6464"
        time="1240260664971" x="436.0" y="208.0"/>
    <point id="80aa885a-f5b7-483f-b23e-80dda4aa8dea"
        time="1240260664992" x="434.0" y="186.0"/>
    <point id="acd0ec57-0680-41d3-b70b-ff93f1f7cf2a"
        time="1240260665012" x="434.0" y="166.0"/>
    <point id="f6c2dad0-5d81-4328-b8f1-96754fc38df3"
        time="1240260665032" x="438.0" y="151.0"/>
    <point id="995c7080-c0af-478f-aed0-ff4a1f44daca"
        time="1240260665053" x="444.0" y="141.0"/>
    <point id="222216fd-f203-4b98-90f9-032273670bab"
        time="1240260665073" x="452.0" y="136.0"/>
    <point id="781c929d-109e-47d0-9626-58d257804a54"
        time="1240260665093" x="461.0" y="140.0"/>
    <point id="e68c2b44-1e0d-432e-989f-664419c6e322"
        time="1240260665114" x="466.0" y="151.0"/>
    <point id="f7732003-4055-4e6b-ac1a-6fcd383d3d07"
        time="1240260665134" x="466.0" y="165.0"/>
    <point id="0116ab8e-a831-4b6a-993b-46468cfcc081"
        time="1240260665154" x="460.0" y="180.0"/>
    <point id="92500d56-a832-403a-95bb-676dce73295b"
        time="1240260665175" x="451.0" y="193.0"/>
    <point id="d6d6efcb-dadf-46d4-94a3-4dc7b0345605"
        time="1240260665195" x="445.0" y="201.0"/>
    <point id="8998c46c-2bfd-46d0-a68c-1d1569d6dfea"
        time="1240260665215" x="439.0" y="210.0"/>
    <point id="98117b3d-b632-4407-b11d-fe7e53e77581"
        time="1240260665235" x="441.0" y="217.0"/>
    <point id="3e548f96-cc74-4cd0-bf6a-ecbaa15d230e"
        time="1240260665256" x="452.0" y="222.0"/>
    <point id="3f960ad1-8a9c-499f-80c9-bf7da7ab2a4c"
        time="1240260665276" x="469.0" y="227.0"/>
    <point id="981e17f8-fed0-4298-b8f2-db9ec8736e90"
        time="1240260665296" x="485.0" y="234.0"/>
    <point id="9d424a91-2b8f-48c5-b856-997313283634"
        time="1240260665317" x="497.0" y="245.0"/>
    <point id="cbfb64a5-a50a-497c-a145-9913613452ca"
        time="1240260665337" x="506.0" y="258.0"/>
    <point id="23d71855-e1d3-47c5-8e74-8f15daa81c47"
        time="1240260665358" x="514.0" y="271.0"/>
    <stroke id="17eeb9cf-b086-4b76-8c6c-a9414cf4e3a9" visible="true">
        <arg type="point">d5c4fd63-4e26-4a8f-b84c-97d4d08507cf</arg>
        <arg type="point">0d2a9e6c-4c1b-4e4b-8d5b-44aa00fafb8c</arg>
        <arg type="point">725f43eb-9b21-455e-8e64-2f86734883b2</arg>
        <arg type="point">2c2fc414-8c08-477f-9501-5c1b40c59b75</arg>
        <arg type="point">511a0b38-0c8d-4280-afcb-f9845b3ac83b</arg>
        <arg type="point">c11cbb7f-cbb2-4b1d-987c-f96db1f3025e</arg>
        <arg type="point">1f548c98-dfdc-48cc-8deb-c39a2b293b07</arg>
        <arg type="point">c186f919-7101-4126-82c0-dbe90dca6464</arg>
        <arg type="point">80aa885a-f5b7-483f-b23e-80dda4aa8dea</arg>
        <arg type="point">acd0ec57-0680-41d3-b70b-ff93f1f7cf2a</arg>
        <arg type="point">f6c2dad0-5d81-4328-b8f1-96754fc38df3</arg>
        <arg type="point">995c7080-c0af-478f-aed0-ff4a1f44daca</arg>
        <arg type="point">222216fd-f203-4b98-90f9-032273670bab</arg>
        <arg type="point">781c929d-109e-47d0-9626-58d257804a54</arg>
        <arg type="point">e68c2b44-1e0d-432e-989f-664419c6e322</arg>
        <arg type="point">f7732003-4055-4e6b-ac1a-6fcd383d3d07</arg>
        <arg type="point">0116ab8e-a831-4b6a-993b-46468cfcc081</arg>
        <arg type="point">92500d56-a832-403a-95bb-676dce73295b</arg>
        <arg type="point">d6d6efcb-dadf-46d4-94a3-4dc7b0345605</arg>
        <arg type="point">8998c46c-2bfd-46d0-a68c-1d1569d6dfea</arg>
        <arg type="point">98117b3d-b632-4407-b11d-fe7e53e77581</arg>
        <arg type="point">3e548f96-cc74-4cd0-bf6a-ecbaa15d230e</arg>
        <arg type="point">3f960ad1-8a9c-499f-80c9-bf7da7ab2a4c</arg>
        <arg type="point">981e17f8-fed0-4298-b8f2-db9ec8736e90</arg>
        <arg type="point">9d424a91-2b8f-48c5-b856-997313283634</arg>
        <arg type="point">cbfb64a5-a50a-497c-a145-9913613452ca</arg>
        <arg type="point">23d71855-e1d3-47c5-8e74-8f15daa81c47</arg>
    </stroke>
</sketch>
