<?xml version="1.0" encoding="UTF-8"?>
<sketch id="e5e6afa3-c22e-466b-bd69-594ae761d21c" type="SRL">
    <point id="f9e995ee-46e3-41f9-a5ca-a236b7116357"
        time="1240259378507" x="384.0" y="258.0"/>
    <point id="76111345-6854-4dca-bfcc-28246a7b66f2"
        time="1240259378527" x="386.0" y="257.0"/>
    <point id="c3a61e3b-d7c1-4c07-9fe6-84f1a5c8c8ed"
        time="1240259378570" x="387.0" y="274.0"/>
    <point id="57489197-8297-46e5-9694-a164d2c5e3ca"
        time="1240259378591" x="390.0" y="292.0"/>
    <point id="f7f04b4e-f25c-467e-aa6e-e8b09c2e2bbc"
        time="1240259378612" x="393.0" y="301.0"/>
    <point id="0125f451-807b-4ff0-84a6-8d52562a486c"
        time="1240259378633" x="395.0" y="312.0"/>
    <point id="e0031a43-6f91-43da-aa83-0df590efecde"
        time="1240259378653" x="396.0" y="322.0"/>
    <point id="8b769550-adf1-48f7-ae7c-661e9d189fb5"
        time="1240259378674" x="396.0" y="328.0"/>
    <point id="c87f8773-555c-46ea-a8dd-691467dbc10d"
        time="1240259378695" x="396.0" y="329.0"/>
    <point id="2e8c3f4f-5b45-4b6f-8dcf-7b8e67ba3863"
        time="1240259378715" x="395.0" y="328.0"/>
    <point id="dea200a2-333a-458c-86c2-f68222636eb1"
        time="1240259378838" x="371.0" y="276.0"/>
    <point id="ce2c6684-7873-46cf-81ed-6b3a9b62cec4"
        time="1240259378858" x="368.0" y="268.0"/>
    <point id="be4c75b2-0ac2-4c00-bd73-ddac176ea70a"
        time="1240259378881" x="373.0" y="262.0"/>
    <point id="5a81085a-be98-4091-b016-8fe526583b8d"
        time="1240259378901" x="383.0" y="256.0"/>
    <point id="1567b5e5-50b7-421a-b972-23f012b1c89b"
        time="1240259378922" x="399.0" y="251.0"/>
    <point id="f9595171-94b9-4106-b821-1ad1fe4c2e23"
        time="1240259378943" x="417.0" y="248.0"/>
    <point id="8e5a72e9-a4c4-4bb9-b7dc-aa9ad55d5b00"
        time="1240259378964" x="432.0" y="251.0"/>
    <point id="59811fba-b82e-4505-91ad-d23beacbac4d"
        time="1240259378984" x="438.0" y="258.0"/>
    <point id="8fc1be8b-c375-4b33-a7d9-f1cd14e7ea6e"
        time="1240259379005" x="433.0" y="267.0"/>
    <point id="caf7c5c1-cdf8-4c29-886e-e4a68a6b0ae9"
        time="1240259379025" x="419.0" y="276.0"/>
    <point id="8174cf11-dbdd-417a-92f1-6df209771772"
        time="1240259379046" x="403.0" y="284.0"/>
    <point id="2d044280-5bc3-47ad-b9f9-ef3b477d1100"
        time="1240259379067" x="395.0" y="287.0"/>
    <point id="1bb75f16-ee83-4c13-86a4-cefecf90eb83"
        time="1240259379087" x="398.0" y="287.0"/>
    <point id="30ffea1b-ceb7-4abb-bd4d-95c17045ebdb"
        time="1240259379108" x="410.0" y="286.0"/>
    <point id="28e9aefe-7b35-4dcc-bf62-d753350f0397"
        time="1240259379128" x="430.0" y="288.0"/>
    <point id="a9210205-805a-4b74-9fc1-058ae1992811"
        time="1240259379149" x="449.0" y="294.0"/>
    <point id="9b69e619-e89f-4356-9990-c9fa874e8468"
        time="1240259379170" x="462.0" y="304.0"/>
    <point id="8b734c08-cb26-4871-8ae8-5f8706315623"
        time="1240259379190" x="463.0" y="314.0"/>
    <point id="fe2fd8aa-1cdf-449a-990c-4742c855cef1"
        time="1240259379211" x="452.0" y="322.0"/>
    <point id="f76e06db-76ed-4934-a4c1-f91b34d76acc"
        time="1240259379232" x="433.0" y="328.0"/>
    <point id="c0f9fd38-ecb9-468d-b9b2-d2d63637447e"
        time="1240259379252" x="412.0" y="328.0"/>
    <point id="6fe1a1d9-9bfa-4fca-9820-9bb7e362db60"
        time="1240259379273" x="394.0" y="326.0"/>
    <point id="bb9c10bc-54b1-4dcf-9ce4-5fc4a910c0ce"
        time="1240259379294" x="385.0" y="323.0"/>
    <stroke id="c8535e6f-d345-4383-bc7c-4c4fcbe47abc" visible="true">
        <arg type="point">f9e995ee-46e3-41f9-a5ca-a236b7116357</arg>
        <arg type="point">76111345-6854-4dca-bfcc-28246a7b66f2</arg>
        <arg type="point">c3a61e3b-d7c1-4c07-9fe6-84f1a5c8c8ed</arg>
        <arg type="point">57489197-8297-46e5-9694-a164d2c5e3ca</arg>
        <arg type="point">f7f04b4e-f25c-467e-aa6e-e8b09c2e2bbc</arg>
        <arg type="point">0125f451-807b-4ff0-84a6-8d52562a486c</arg>
        <arg type="point">e0031a43-6f91-43da-aa83-0df590efecde</arg>
        <arg type="point">8b769550-adf1-48f7-ae7c-661e9d189fb5</arg>
        <arg type="point">c87f8773-555c-46ea-a8dd-691467dbc10d</arg>
        <arg type="point">2e8c3f4f-5b45-4b6f-8dcf-7b8e67ba3863</arg>
    </stroke>
    <stroke id="696c5bf8-c368-4a83-8d56-684d4d321f7d" visible="true">
        <arg type="point">dea200a2-333a-458c-86c2-f68222636eb1</arg>
        <arg type="point">ce2c6684-7873-46cf-81ed-6b3a9b62cec4</arg>
        <arg type="point">be4c75b2-0ac2-4c00-bd73-ddac176ea70a</arg>
        <arg type="point">5a81085a-be98-4091-b016-8fe526583b8d</arg>
        <arg type="point">1567b5e5-50b7-421a-b972-23f012b1c89b</arg>
        <arg type="point">f9595171-94b9-4106-b821-1ad1fe4c2e23</arg>
        <arg type="point">8e5a72e9-a4c4-4bb9-b7dc-aa9ad55d5b00</arg>
        <arg type="point">59811fba-b82e-4505-91ad-d23beacbac4d</arg>
        <arg type="point">8fc1be8b-c375-4b33-a7d9-f1cd14e7ea6e</arg>
        <arg type="point">caf7c5c1-cdf8-4c29-886e-e4a68a6b0ae9</arg>
        <arg type="point">8174cf11-dbdd-417a-92f1-6df209771772</arg>
        <arg type="point">2d044280-5bc3-47ad-b9f9-ef3b477d1100</arg>
        <arg type="point">1bb75f16-ee83-4c13-86a4-cefecf90eb83</arg>
        <arg type="point">30ffea1b-ceb7-4abb-bd4d-95c17045ebdb</arg>
        <arg type="point">28e9aefe-7b35-4dcc-bf62-d753350f0397</arg>
        <arg type="point">a9210205-805a-4b74-9fc1-058ae1992811</arg>
        <arg type="point">9b69e619-e89f-4356-9990-c9fa874e8468</arg>
        <arg type="point">8b734c08-cb26-4871-8ae8-5f8706315623</arg>
        <arg type="point">fe2fd8aa-1cdf-449a-990c-4742c855cef1</arg>
        <arg type="point">f76e06db-76ed-4934-a4c1-f91b34d76acc</arg>
        <arg type="point">c0f9fd38-ecb9-468d-b9b2-d2d63637447e</arg>
        <arg type="point">6fe1a1d9-9bfa-4fca-9820-9bb7e362db60</arg>
        <arg type="point">bb9c10bc-54b1-4dcf-9ce4-5fc4a910c0ce</arg>
    </stroke>
</sketch>
