<?xml version="1.0" encoding="UTF-8"?>
<sketch id="3732f3b9-6891-42c7-be94-20833beaf683" type="SRL">
    <point id="8f462aa9-5500-42b6-a1b4-1a22ddda84c6"
        time="1240259288559" x="410.0" y="250.0"/>
    <point id="e573250d-8bbe-403f-9c39-7ef768b54cde"
        time="1240259288615" x="410.0" y="251.0"/>
    <point id="e22fdae6-6d2a-4a23-abe2-563a921c6426"
        time="1240259288656" x="410.0" y="267.0"/>
    <point id="a6e57d4d-ec20-470c-b439-b67436e3a1fe"
        time="1240259288677" x="410.0" y="273.0"/>
    <point id="651fbc8b-1bd8-4274-9587-7debc815b249"
        time="1240259288698" x="409.0" y="285.0"/>
    <point id="e720287e-208c-4b2a-9fff-334beb761419"
        time="1240259288719" x="409.0" y="303.0"/>
    <point id="2a6d5c62-1dee-479e-8642-1d431335e121"
        time="1240259288739" x="410.0" y="313.0"/>
    <point id="6ab4b957-120e-4a7b-ad0d-0e1b4eeab158"
        time="1240259288760" x="410.0" y="320.0"/>
    <point id="5ce690b3-3a2b-408f-94c0-4df62efcf94e"
        time="1240259288781" x="411.0" y="323.0"/>
    <point id="2dd09c98-140f-474f-a0bd-4d0d509c29df"
        time="1240259288801" x="411.0" y="326.0"/>
    <point id="c9229bb0-4153-4e17-b11f-2441b1fb32a1"
        time="1240259288843" x="411.0" y="325.0"/>
    <stroke id="ed5ae058-77d9-4c0d-b5a4-e4850b344244" visible="true">
        <arg type="point">8f462aa9-5500-42b6-a1b4-1a22ddda84c6</arg>
        <arg type="point">e573250d-8bbe-403f-9c39-7ef768b54cde</arg>
        <arg type="point">e22fdae6-6d2a-4a23-abe2-563a921c6426</arg>
        <arg type="point">a6e57d4d-ec20-470c-b439-b67436e3a1fe</arg>
        <arg type="point">651fbc8b-1bd8-4274-9587-7debc815b249</arg>
        <arg type="point">e720287e-208c-4b2a-9fff-334beb761419</arg>
        <arg type="point">2a6d5c62-1dee-479e-8642-1d431335e121</arg>
        <arg type="point">6ab4b957-120e-4a7b-ad0d-0e1b4eeab158</arg>
        <arg type="point">5ce690b3-3a2b-408f-94c0-4df62efcf94e</arg>
        <arg type="point">2dd09c98-140f-474f-a0bd-4d0d509c29df</arg>
        <arg type="point">c9229bb0-4153-4e17-b11f-2441b1fb32a1</arg>
    </stroke>
</sketch>
