<?xml version="1.0" encoding="UTF-8"?>
<sketch id="7018ccf1-cfdd-481b-aff6-db10011f3734" type="SRL">
    <point id="6664bacd-926e-4c1a-aed3-a2360eee0de8"
        time="1240259366453" x="403.0" y="275.0"/>
    <point id="0ee633ed-d592-4b57-a334-0ac73c3de745"
        time="1240259366475" x="403.0" y="273.0"/>
    <point id="f9e4f573-867d-4564-a547-5deb85dcd10e"
        time="1240259366516" x="403.0" y="271.0"/>
    <point id="726b3eba-4a1b-4fba-bfe2-7e833c8b4ea4"
        time="1240259366538" x="404.0" y="272.0"/>
    <point id="c131c7dc-8b58-4af6-876b-85f0bd023e78"
        time="1240259366559" x="406.0" y="278.0"/>
    <point id="54d98fdd-9ea6-46cf-938e-ffe585bed3d4"
        time="1240259366580" x="408.0" y="290.0"/>
    <point id="e5b2827b-5b88-42fc-86a8-a3e3b56d61f8"
        time="1240259366601" x="409.0" y="303.0"/>
    <point id="e842ee45-8246-40e8-9ee9-8fce5e8bf9df"
        time="1240259366622" x="409.0" y="314.0"/>
    <point id="49c351f4-23dd-463e-b6d0-bf40bd10829b"
        time="1240259366645" x="409.0" y="333.0"/>
    <point id="8ee39b81-ced0-48ae-825b-08aca15513af"
        time="1240259366666" x="410.0" y="343.0"/>
    <point id="da6c6ddf-32d4-4875-bcbc-ed54c4d995e8"
        time="1240259366687" x="411.0" y="347.0"/>
    <stroke id="e3ecee05-ded5-496e-87c0-3276ffa0a4ad" visible="true">
        <arg type="point">6664bacd-926e-4c1a-aed3-a2360eee0de8</arg>
        <arg type="point">0ee633ed-d592-4b57-a334-0ac73c3de745</arg>
        <arg type="point">f9e4f573-867d-4564-a547-5deb85dcd10e</arg>
        <arg type="point">726b3eba-4a1b-4fba-bfe2-7e833c8b4ea4</arg>
        <arg type="point">c131c7dc-8b58-4af6-876b-85f0bd023e78</arg>
        <arg type="point">54d98fdd-9ea6-46cf-938e-ffe585bed3d4</arg>
        <arg type="point">e5b2827b-5b88-42fc-86a8-a3e3b56d61f8</arg>
        <arg type="point">e842ee45-8246-40e8-9ee9-8fce5e8bf9df</arg>
        <arg type="point">49c351f4-23dd-463e-b6d0-bf40bd10829b</arg>
        <arg type="point">8ee39b81-ced0-48ae-825b-08aca15513af</arg>
        <arg type="point">da6c6ddf-32d4-4875-bcbc-ed54c4d995e8</arg>
    </stroke>
</sketch>
