<?xml version="1.0" encoding="UTF-8"?>
<sketch id="25e961e3-f8bc-4867-b39c-df13c4fbe163" type="SRL">
    <point id="662b2207-67f5-4b64-97aa-06045f253502"
        time="1240260485225" x="367.0" y="117.0"/>
    <point id="b19c367a-8931-407b-9228-7d8f94eb4d92"
        time="1240260485246" x="366.0" y="116.0"/>
    <point id="4c9487d2-01de-4048-b3b1-a18146b7731e"
        time="1240260485287" x="365.0" y="115.0"/>
    <point id="50298f1f-200d-4171-8a2b-eba60b770f98"
        time="1240260485308" x="368.0" y="115.0"/>
    <point id="d2e152eb-78cb-4b92-8c64-56d4df9aed4f"
        time="1240260485328" x="372.0" y="114.0"/>
    <point id="54e1c681-339f-4c1c-aba5-aa2ae5ea7da9"
        time="1240260485348" x="384.0" y="113.0"/>
    <point id="fe0bf5a4-07c1-4a40-ae52-c32aae713579"
        time="1240260485369" x="404.0" y="110.0"/>
    <point id="02eb230e-1066-4bfd-a1a9-749c73c87ae1"
        time="1240260485389" x="428.0" y="107.0"/>
    <point id="59e9423f-0efd-49de-a217-636acfa0aadb"
        time="1240260485410" x="452.0" y="104.0"/>
    <point id="abba42b1-fa83-4c37-9693-26f2ada60846"
        time="1240260485430" x="471.0" y="102.0"/>
    <point id="59fd5612-3f9c-44c1-bbbb-5ffd8fac5d7f"
        time="1240260485450" x="483.0" y="102.0"/>
    <point id="07b59a6f-8636-4785-97b2-d192255c5e37"
        time="1240260485471" x="486.0" y="103.0"/>
    <point id="0cca1cc1-84fa-4e19-95e2-39d329786972"
        time="1240260485653" x="415.0" y="113.0"/>
    <point id="260f8d3c-c1a2-406e-9e37-3a0492b9d6d5"
        time="1240260485673" x="415.0" y="111.0"/>
    <point id="2fdcfe2f-51c6-41e0-a2b6-5ca9e0f1b8be"
        time="1240260485697" x="418.0" y="110.0"/>
    <point id="d007f112-c865-4396-bfe8-466db5f72fa7"
        time="1240260485718" x="420.0" y="114.0"/>
    <point id="178ec48d-bcdd-4d40-af2e-893343fe05b7"
        time="1240260485738" x="420.0" y="125.0"/>
    <point id="a7cc357e-0186-43de-930b-3f9e9e0261c6"
        time="1240260485758" x="421.0" y="140.0"/>
    <point id="53683ceb-67b2-453d-aab9-8eba948aad46"
        time="1240260485779" x="422.0" y="156.0"/>
    <point id="7f4e161f-39fa-4d8b-a0c1-e623fe267677"
        time="1240260485799" x="423.0" y="171.0"/>
    <point id="587f76c8-2a55-4f21-a155-a41380821738"
        time="1240260485819" x="425.0" y="186.0"/>
    <point id="ae87db5c-3222-423a-9ace-0ddc483d799d"
        time="1240260485840" x="426.0" y="194.0"/>
    <point id="83d1fa0c-145f-4102-9546-75c7ae8c38d6"
        time="1240260485860" x="427.0" y="204.0"/>
    <point id="8571bcc6-42c0-44be-9317-61b93108371a"
        time="1240260486082" x="379.0" y="224.0"/>
    <point id="38e4a821-b219-4ecb-a504-731f3b7fa6f3"
        time="1240260486102" x="391.0" y="222.0"/>
    <point id="8402983e-072d-47ed-b707-02ed6bbbab33"
        time="1240260486125" x="400.0" y="221.0"/>
    <point id="3134237d-79e6-4d83-b62e-f917cd810683"
        time="1240260486145" x="417.0" y="219.0"/>
    <point id="68f40aaf-e680-445a-819f-1562409edd27"
        time="1240260486166" x="445.0" y="216.0"/>
    <point id="19c5bc8e-417b-49e9-b4c9-41f3e9d8df0b"
        time="1240260486186" x="466.0" y="214.0"/>
    <point id="7b84ad83-f607-4d67-9c0e-7072c607b969"
        time="1240260486207" x="484.0" y="213.0"/>
    <point id="4aad4f8e-4761-40f6-a1be-43e770f648f2"
        time="1240260486227" x="496.0" y="213.0"/>
    <point id="3d045f26-7fed-48cf-9ad7-2e1ffe572ddc"
        time="1240260486247" x="501.0" y="214.0"/>
    <stroke id="13b03ae6-6f84-4bc2-8150-042a9f000678" visible="true">
        <arg type="point">662b2207-67f5-4b64-97aa-06045f253502</arg>
        <arg type="point">b19c367a-8931-407b-9228-7d8f94eb4d92</arg>
        <arg type="point">4c9487d2-01de-4048-b3b1-a18146b7731e</arg>
        <arg type="point">50298f1f-200d-4171-8a2b-eba60b770f98</arg>
        <arg type="point">d2e152eb-78cb-4b92-8c64-56d4df9aed4f</arg>
        <arg type="point">54e1c681-339f-4c1c-aba5-aa2ae5ea7da9</arg>
        <arg type="point">fe0bf5a4-07c1-4a40-ae52-c32aae713579</arg>
        <arg type="point">02eb230e-1066-4bfd-a1a9-749c73c87ae1</arg>
        <arg type="point">59e9423f-0efd-49de-a217-636acfa0aadb</arg>
        <arg type="point">abba42b1-fa83-4c37-9693-26f2ada60846</arg>
        <arg type="point">59fd5612-3f9c-44c1-bbbb-5ffd8fac5d7f</arg>
        <arg type="point">07b59a6f-8636-4785-97b2-d192255c5e37</arg>
    </stroke>
    <stroke id="52f9d844-bcfe-4d0b-aa53-265540d40fa1" visible="true">
        <arg type="point">0cca1cc1-84fa-4e19-95e2-39d329786972</arg>
        <arg type="point">260f8d3c-c1a2-406e-9e37-3a0492b9d6d5</arg>
        <arg type="point">2fdcfe2f-51c6-41e0-a2b6-5ca9e0f1b8be</arg>
        <arg type="point">d007f112-c865-4396-bfe8-466db5f72fa7</arg>
        <arg type="point">178ec48d-bcdd-4d40-af2e-893343fe05b7</arg>
        <arg type="point">a7cc357e-0186-43de-930b-3f9e9e0261c6</arg>
        <arg type="point">53683ceb-67b2-453d-aab9-8eba948aad46</arg>
        <arg type="point">7f4e161f-39fa-4d8b-a0c1-e623fe267677</arg>
        <arg type="point">587f76c8-2a55-4f21-a155-a41380821738</arg>
        <arg type="point">ae87db5c-3222-423a-9ace-0ddc483d799d</arg>
        <arg type="point">83d1fa0c-145f-4102-9546-75c7ae8c38d6</arg>
    </stroke>
    <stroke id="57ca353d-0c7d-4aac-8541-1d74622a5cbc" visible="true">
        <arg type="point">8571bcc6-42c0-44be-9317-61b93108371a</arg>
        <arg type="point">38e4a821-b219-4ecb-a504-731f3b7fa6f3</arg>
        <arg type="point">8402983e-072d-47ed-b707-02ed6bbbab33</arg>
        <arg type="point">3134237d-79e6-4d83-b62e-f917cd810683</arg>
        <arg type="point">68f40aaf-e680-445a-819f-1562409edd27</arg>
        <arg type="point">19c5bc8e-417b-49e9-b4c9-41f3e9d8df0b</arg>
        <arg type="point">7b84ad83-f607-4d67-9c0e-7072c607b969</arg>
        <arg type="point">4aad4f8e-4761-40f6-a1be-43e770f648f2</arg>
        <arg type="point">3d045f26-7fed-48cf-9ad7-2e1ffe572ddc</arg>
    </stroke>
</sketch>
