<?xml version="1.0" encoding="UTF-8"?>
<sketch id="5c48754f-374d-441e-98d9-42431716664f" type="SRL">
    <point id="bb04102c-ea64-4849-80c0-f53ec9320357"
        time="1240266802265" x="622.0" y="353.0"/>
    <point id="60b58eaf-162f-45a7-844e-4e8175c650c9"
        time="1240266802326" x="624.0" y="358.0"/>
    <point id="88aff7fb-2c72-4524-a0a6-62dd83f246da"
        time="1240266802334" x="624.0" y="359.0"/>
    <point id="4cccf6d7-7a1b-43ca-b218-5d15b8219f1a"
        time="1240266802341" x="624.0" y="361.0"/>
    <point id="7f15dd44-d871-457a-a7c4-1c6ff12fd31c"
        time="1240266802350" x="624.0" y="364.0"/>
    <point id="88464738-4f87-4bab-80ed-77219e901750"
        time="1240266802357" x="624.0" y="366.0"/>
    <point id="33f6919e-24a0-4cd3-a09a-2ea75f5257f9"
        time="1240266802362" x="624.0" y="368.0"/>
    <point id="c07ca7a3-fad8-405b-b173-c4276b2b2573"
        time="1240266802374" x="624.0" y="370.0"/>
    <point id="5c48b83f-6937-43f8-8fdf-b8e44febd509"
        time="1240266802382" x="624.0" y="371.0"/>
    <point id="adfbed6a-443b-44b6-b07f-a9996bac4605"
        time="1240266802386" x="623.0" y="373.0"/>
    <point id="61770d79-f710-4191-9783-0ba08b2a3bd3"
        time="1240266802396" x="623.0" y="374.0"/>
    <point id="1cca5403-ab0a-46c8-a2d3-2bca7e19817b"
        time="1240266802403" x="623.0" y="375.0"/>
    <point id="4ee153d0-635b-4f86-91e9-2cee97a432e5"
        time="1240266802411" x="623.0" y="376.0"/>
    <point id="ff0139dc-cf5d-4bac-8816-8b5bc49e8a7c"
        time="1240266802421" x="623.0" y="377.0"/>
    <point id="a3aeb9d8-e4ff-46a3-be95-3c6e1a5e0dff"
        time="1240266802426" x="623.0" y="378.0"/>
    <stroke id="360c8cba-0c23-46f3-a946-d2fcecec2c30" visible="true">
        <arg type="point">bb04102c-ea64-4849-80c0-f53ec9320357</arg>
        <arg type="point">60b58eaf-162f-45a7-844e-4e8175c650c9</arg>
        <arg type="point">88aff7fb-2c72-4524-a0a6-62dd83f246da</arg>
        <arg type="point">4cccf6d7-7a1b-43ca-b218-5d15b8219f1a</arg>
        <arg type="point">7f15dd44-d871-457a-a7c4-1c6ff12fd31c</arg>
        <arg type="point">88464738-4f87-4bab-80ed-77219e901750</arg>
        <arg type="point">33f6919e-24a0-4cd3-a09a-2ea75f5257f9</arg>
        <arg type="point">c07ca7a3-fad8-405b-b173-c4276b2b2573</arg>
        <arg type="point">5c48b83f-6937-43f8-8fdf-b8e44febd509</arg>
        <arg type="point">adfbed6a-443b-44b6-b07f-a9996bac4605</arg>
        <arg type="point">61770d79-f710-4191-9783-0ba08b2a3bd3</arg>
        <arg type="point">1cca5403-ab0a-46c8-a2d3-2bca7e19817b</arg>
        <arg type="point">4ee153d0-635b-4f86-91e9-2cee97a432e5</arg>
        <arg type="point">ff0139dc-cf5d-4bac-8816-8b5bc49e8a7c</arg>
        <arg type="point">a3aeb9d8-e4ff-46a3-be95-3c6e1a5e0dff</arg>
    </stroke>
</sketch>
