<?xml version="1.0" encoding="UTF-8"?>
<sketch id="82daa905-3f1e-4069-8baf-996416a7a38b" type="SRL">
    <point id="a23e0ba5-2a49-4eed-8238-39187b4c2722"
        time="1240260608430" x="399.0" y="165.0"/>
    <point id="f1e9ad74-a9b7-463f-8743-3d7c8e4b62f3"
        time="1240260608459" x="399.0" y="164.0"/>
    <point id="e2d0040c-08ce-4644-b627-cc75f2f87164"
        time="1240260608499" x="395.0" y="155.0"/>
    <point id="cb74369c-10a6-42a6-915a-d71700c83b14"
        time="1240260608520" x="390.0" y="147.0"/>
    <point id="d0056540-7189-4616-8d8c-70b0808208a6"
        time="1240260608541" x="384.0" y="143.0"/>
    <point id="5e9e33f5-8fa7-4a3c-83f3-88f18f3ed104"
        time="1240260608561" x="373.0" y="142.0"/>
    <point id="faec5417-ace4-41ac-bd1a-19bcd13eb2f3"
        time="1240260608582" x="359.0" y="152.0"/>
    <point id="43483767-e050-42b3-9aed-49fdb8be99b6"
        time="1240260608602" x="346.0" y="171.0"/>
    <point id="406f5523-78ac-4717-8ac7-d4078b5b231e"
        time="1240260608622" x="340.0" y="194.0"/>
    <point id="69c2538e-0bf0-4bab-a581-0d65aa3039a1"
        time="1240260608643" x="344.0" y="210.0"/>
    <point id="9d1dd994-6a11-426c-9ecf-73cd89b997bd"
        time="1240260608663" x="360.0" y="220.0"/>
    <point id="6345eb80-5b84-4ece-8f74-b4946fdd4fc1"
        time="1240260608683" x="381.0" y="227.0"/>
    <point id="febbf506-4919-4a2d-8776-6fb804f5c0cd"
        time="1240260608704" x="405.0" y="230.0"/>
    <point id="08ebbf3f-c6b8-402b-b3d7-00cb1f39e105"
        time="1240260608724" x="430.0" y="233.0"/>
    <stroke id="0fc620ab-0491-4e80-b3c4-48c7314a3e36" visible="true">
        <arg type="point">a23e0ba5-2a49-4eed-8238-39187b4c2722</arg>
        <arg type="point">f1e9ad74-a9b7-463f-8743-3d7c8e4b62f3</arg>
        <arg type="point">e2d0040c-08ce-4644-b627-cc75f2f87164</arg>
        <arg type="point">cb74369c-10a6-42a6-915a-d71700c83b14</arg>
        <arg type="point">d0056540-7189-4616-8d8c-70b0808208a6</arg>
        <arg type="point">5e9e33f5-8fa7-4a3c-83f3-88f18f3ed104</arg>
        <arg type="point">faec5417-ace4-41ac-bd1a-19bcd13eb2f3</arg>
        <arg type="point">43483767-e050-42b3-9aed-49fdb8be99b6</arg>
        <arg type="point">406f5523-78ac-4717-8ac7-d4078b5b231e</arg>
        <arg type="point">69c2538e-0bf0-4bab-a581-0d65aa3039a1</arg>
        <arg type="point">9d1dd994-6a11-426c-9ecf-73cd89b997bd</arg>
        <arg type="point">6345eb80-5b84-4ece-8f74-b4946fdd4fc1</arg>
        <arg type="point">febbf506-4919-4a2d-8776-6fb804f5c0cd</arg>
        <arg type="point">08ebbf3f-c6b8-402b-b3d7-00cb1f39e105</arg>
    </stroke>
</sketch>
