<?xml version="1.0" encoding="UTF-8"?>
<sketch id="d4b4f56c-a310-4702-9764-bcb438c3cde5" type="SRL">
    <point id="af9326cb-df9a-4b73-ad54-74cb967d754b"
        time="1240262776078" x="475.0" y="169.0"/>
    <point id="022ba88e-f131-433b-b4e6-b26a9a4de1c5"
        time="1240262776086" x="476.0" y="171.0"/>
    <point id="74e7155f-ba6d-4129-b8c6-398424514787"
        time="1240262776158" x="476.0" y="170.0"/>
    <point id="e63a2179-3c7a-4697-a5c5-f28b9853cd3e"
        time="1240262776166" x="476.0" y="169.0"/>
    <point id="08987c59-d55c-45f2-9c8b-9253cbae5fb7"
        time="1240262776182" x="475.0" y="168.0"/>
    <point id="4238ef4c-f609-4a8c-adf1-f6e312129dc7"
        time="1240262776194" x="475.0" y="167.0"/>
    <point id="e78137fd-7ae5-404f-8800-de0c336edb0f"
        time="1240262776202" x="474.0" y="166.0"/>
    <point id="d70d8644-acd4-4ba2-b23e-fa6ace9fe15f"
        time="1240262776210" x="472.0" y="165.0"/>
    <point id="4fdcd7b0-8af5-4fed-a3dd-86c5cb904bcc"
        time="1240262776218" x="471.0" y="164.0"/>
    <point id="8baf401b-f805-4aaa-aa91-447ca23b2bfe"
        time="1240262776230" x="469.0" y="164.0"/>
    <point id="a73c9162-33af-4d73-aab2-c0bfda86ed9e"
        time="1240262776238" x="466.0" y="164.0"/>
    <point id="3049a59e-11b1-4fa9-b948-a7f0574c3ede"
        time="1240262776246" x="464.0" y="165.0"/>
    <point id="f80abc2d-b09d-4084-8238-f22f4739f23f"
        time="1240262776254" x="461.0" y="167.0"/>
    <point id="cde738c6-b43e-4d2e-97a9-cb2fadbc7baf"
        time="1240262776262" x="458.0" y="169.0"/>
    <point id="32ea2a93-4ce2-4a1a-96db-869184e69cc9"
        time="1240262776274" x="455.0" y="172.0"/>
    <point id="ebddeb24-5f16-4088-a474-7956be2f0d26"
        time="1240262776282" x="453.0" y="176.0"/>
    <point id="7c33b41a-bfab-47c0-9301-964e874a5c44"
        time="1240262776290" x="451.0" y="181.0"/>
    <point id="0b6dc4e9-0418-4e36-822f-3e89d44afad1"
        time="1240262776298" x="449.0" y="186.0"/>
    <point id="0e7a0fc5-99ed-4e23-8055-ee50b9e6485f"
        time="1240262776306" x="449.0" y="192.0"/>
    <point id="9b6db0d8-8de7-4b8f-a459-f6a6ed7b0e68"
        time="1240262776318" x="449.0" y="197.0"/>
    <point id="b04f1f1d-244d-4dfd-87a0-2ae7bc0782f4"
        time="1240262776326" x="450.0" y="201.0"/>
    <point id="e2bdc467-966f-496b-b607-c4295b085324"
        time="1240262776334" x="451.0" y="205.0"/>
    <point id="2ae6edee-f3a5-4839-bdfb-4ccb3f07b4c3"
        time="1240262776342" x="454.0" y="208.0"/>
    <point id="21f1cd13-f65e-4591-b5db-12784d8d348d"
        time="1240262776354" x="456.0" y="211.0"/>
    <point id="a456b3ef-9f66-4312-a587-237f5a02085d"
        time="1240262776362" x="460.0" y="212.0"/>
    <point id="75d15c95-eede-4f3b-9f9f-4c08d9e56731"
        time="1240262776370" x="463.0" y="214.0"/>
    <point id="a57c4101-9e46-489f-8612-018ea9eb58d5"
        time="1240262776378" x="467.0" y="215.0"/>
    <point id="7c11b37b-fc7e-4e3f-8993-394c18b2143f"
        time="1240262776390" x="471.0" y="215.0"/>
    <point id="c2554eec-416c-48de-bbd6-aa61a4dbcd62"
        time="1240262776398" x="476.0" y="215.0"/>
    <point id="36495615-aa96-4dc4-b317-9d0d97922404"
        time="1240262776406" x="480.0" y="214.0"/>
    <point id="f990ae41-a75a-4190-ae36-c819534c4ab2"
        time="1240262776414" x="484.0" y="213.0"/>
    <point id="dfe1bef1-732a-4c24-839e-5d579be92ea5"
        time="1240262776426" x="487.0" y="212.0"/>
    <point id="d162ad78-1fec-438e-80ac-3222f219887a"
        time="1240262776434" x="489.0" y="211.0"/>
    <point id="6ccb1a46-7ffe-4de3-b1ad-9fd62d1fe031"
        time="1240262776442" x="491.0" y="210.0"/>
    <point id="88c7512a-7e22-46a2-b81b-9449db4963b5"
        time="1240262776450" x="493.0" y="210.0"/>
    <point id="5bf6a7fe-7028-4ef1-b11c-763bd008532e"
        time="1240262776458" x="494.0" y="210.0"/>
    <point id="e788ff5d-f0f5-4914-b227-ee1de4d3e8a1"
        time="1240262776470" x="495.0" y="210.0"/>
    <point id="00fe02e9-b1c2-415f-8def-b98cd0c02fef"
        time="1240262776478" x="495.0" y="211.0"/>
    <stroke id="82cf1b22-9fe6-44ac-b381-64dd0456adde" visible="true">
        <arg type="point">af9326cb-df9a-4b73-ad54-74cb967d754b</arg>
        <arg type="point">022ba88e-f131-433b-b4e6-b26a9a4de1c5</arg>
        <arg type="point">74e7155f-ba6d-4129-b8c6-398424514787</arg>
        <arg type="point">e63a2179-3c7a-4697-a5c5-f28b9853cd3e</arg>
        <arg type="point">08987c59-d55c-45f2-9c8b-9253cbae5fb7</arg>
        <arg type="point">4238ef4c-f609-4a8c-adf1-f6e312129dc7</arg>
        <arg type="point">e78137fd-7ae5-404f-8800-de0c336edb0f</arg>
        <arg type="point">d70d8644-acd4-4ba2-b23e-fa6ace9fe15f</arg>
        <arg type="point">4fdcd7b0-8af5-4fed-a3dd-86c5cb904bcc</arg>
        <arg type="point">8baf401b-f805-4aaa-aa91-447ca23b2bfe</arg>
        <arg type="point">a73c9162-33af-4d73-aab2-c0bfda86ed9e</arg>
        <arg type="point">3049a59e-11b1-4fa9-b948-a7f0574c3ede</arg>
        <arg type="point">f80abc2d-b09d-4084-8238-f22f4739f23f</arg>
        <arg type="point">cde738c6-b43e-4d2e-97a9-cb2fadbc7baf</arg>
        <arg type="point">32ea2a93-4ce2-4a1a-96db-869184e69cc9</arg>
        <arg type="point">ebddeb24-5f16-4088-a474-7956be2f0d26</arg>
        <arg type="point">7c33b41a-bfab-47c0-9301-964e874a5c44</arg>
        <arg type="point">0b6dc4e9-0418-4e36-822f-3e89d44afad1</arg>
        <arg type="point">0e7a0fc5-99ed-4e23-8055-ee50b9e6485f</arg>
        <arg type="point">9b6db0d8-8de7-4b8f-a459-f6a6ed7b0e68</arg>
        <arg type="point">b04f1f1d-244d-4dfd-87a0-2ae7bc0782f4</arg>
        <arg type="point">e2bdc467-966f-496b-b607-c4295b085324</arg>
        <arg type="point">2ae6edee-f3a5-4839-bdfb-4ccb3f07b4c3</arg>
        <arg type="point">21f1cd13-f65e-4591-b5db-12784d8d348d</arg>
        <arg type="point">a456b3ef-9f66-4312-a587-237f5a02085d</arg>
        <arg type="point">75d15c95-eede-4f3b-9f9f-4c08d9e56731</arg>
        <arg type="point">a57c4101-9e46-489f-8612-018ea9eb58d5</arg>
        <arg type="point">7c11b37b-fc7e-4e3f-8993-394c18b2143f</arg>
        <arg type="point">c2554eec-416c-48de-bbd6-aa61a4dbcd62</arg>
        <arg type="point">36495615-aa96-4dc4-b317-9d0d97922404</arg>
        <arg type="point">f990ae41-a75a-4190-ae36-c819534c4ab2</arg>
        <arg type="point">dfe1bef1-732a-4c24-839e-5d579be92ea5</arg>
        <arg type="point">d162ad78-1fec-438e-80ac-3222f219887a</arg>
        <arg type="point">6ccb1a46-7ffe-4de3-b1ad-9fd62d1fe031</arg>
        <arg type="point">88c7512a-7e22-46a2-b81b-9449db4963b5</arg>
        <arg type="point">5bf6a7fe-7028-4ef1-b11c-763bd008532e</arg>
        <arg type="point">e788ff5d-f0f5-4914-b227-ee1de4d3e8a1</arg>
        <arg type="point">00fe02e9-b1c2-415f-8def-b98cd0c02fef</arg>
    </stroke>
</sketch>
