<?xml version="1.0" encoding="UTF-8"?>
<sketch id="604729b8-841f-42f7-afae-5ef72c290ab5" type="SRL">
    <point id="fe50eb9b-dbae-4eb8-af77-c5fbda135087"
        time="1240259369515" x="400.0" y="268.0"/>
    <point id="937d9b3f-240a-49b3-b6a2-3ca427fcc4a7"
        time="1240259369544" x="400.0" y="269.0"/>
    <point id="72f49e40-0739-4a1b-b479-5b08c0e47f33"
        time="1240259369585" x="402.0" y="279.0"/>
    <point id="e1ef2d69-7c6c-482c-b278-7ac53d3a8bab"
        time="1240259369606" x="404.0" y="292.0"/>
    <point id="02d7e306-b093-4119-af8a-f006bd35d534"
        time="1240259369627" x="406.0" y="307.0"/>
    <point id="259838f5-5eff-496e-8499-895a4253dd31"
        time="1240259369648" x="407.0" y="323.0"/>
    <point id="f811f629-e897-4787-a386-fa71c01361eb"
        time="1240259369668" x="408.0" y="337.0"/>
    <point id="ad989323-ac1f-4b82-8a0c-f8fb17ce1819"
        time="1240259369689" x="411.0" y="345.0"/>
    <point id="e6e5015f-6437-440f-8f7e-b8ee22c21f62"
        time="1240259369710" x="412.0" y="348.0"/>
    <point id="49866e4b-47ff-4aa8-b934-b12cf1634d82"
        time="1240259369731" x="413.0" y="347.0"/>
    <point id="6daaf254-4d52-4a2f-9012-c5e513e2b8b7"
        time="1240259369853" x="407.0" y="305.0"/>
    <point id="392c541d-281d-4a2e-a8df-1aa6b52784d1"
        time="1240259369895" x="409.0" y="306.0"/>
    <point id="7ce082f4-af44-4817-9333-eb199e6b8e35"
        time="1240259369915" x="414.0" y="308.0"/>
    <point id="d622ab74-5577-4c3b-a1c0-d42b2fcef6e2"
        time="1240259369936" x="422.0" y="308.0"/>
    <point id="2fb181f3-cda3-4e0c-90d4-90e846c071cb"
        time="1240259369957" x="429.0" y="308.0"/>
    <point id="d7fda9ee-df71-4b3e-9fb8-827ab1b468e2"
        time="1240259369977" x="439.0" y="307.0"/>
    <point id="cea9e572-ceb8-486f-8b6e-ac14fbbb9735"
        time="1240259369998" x="449.0" y="304.0"/>
    <point id="980ec15a-6073-44ab-b782-7d084af2a43a"
        time="1240259370202" x="450.0" y="264.0"/>
    <point id="58ff24e9-6aac-4c7a-bc61-fc7eee799b8b"
        time="1240259370235" x="450.0" y="265.0"/>
    <point id="1df2651d-5faa-4e4a-8397-bdc7cae5e98c"
        time="1240259370256" x="449.0" y="270.0"/>
    <point id="af5ec4ab-3452-4e34-afbf-6a486a220f8a"
        time="1240259370276" x="451.0" y="290.0"/>
    <point id="e66a731c-953f-4fd4-8823-7d40dd5c0eab"
        time="1240259370297" x="454.0" y="310.0"/>
    <point id="a2c55c02-f1fa-446b-9923-7343ccab480c"
        time="1240259370318" x="455.0" y="322.0"/>
    <point id="732e272f-2f66-4a47-a6a5-b109c1cd5672"
        time="1240259370339" x="454.0" y="344.0"/>
    <point id="09fda552-2938-479e-8942-7c1c03c7c1aa"
        time="1240259370361" x="454.0" y="354.0"/>
    <point id="9489c051-b225-484c-a79b-d03addf9bd76"
        time="1240259370382" x="455.0" y="358.0"/>
    <stroke id="a33ae206-4421-481c-b111-a879233fa7a4" visible="true">
        <arg type="point">fe50eb9b-dbae-4eb8-af77-c5fbda135087</arg>
        <arg type="point">937d9b3f-240a-49b3-b6a2-3ca427fcc4a7</arg>
        <arg type="point">72f49e40-0739-4a1b-b479-5b08c0e47f33</arg>
        <arg type="point">e1ef2d69-7c6c-482c-b278-7ac53d3a8bab</arg>
        <arg type="point">02d7e306-b093-4119-af8a-f006bd35d534</arg>
        <arg type="point">259838f5-5eff-496e-8499-895a4253dd31</arg>
        <arg type="point">f811f629-e897-4787-a386-fa71c01361eb</arg>
        <arg type="point">ad989323-ac1f-4b82-8a0c-f8fb17ce1819</arg>
        <arg type="point">e6e5015f-6437-440f-8f7e-b8ee22c21f62</arg>
        <arg type="point">49866e4b-47ff-4aa8-b934-b12cf1634d82</arg>
    </stroke>
    <stroke id="e9818748-cdc6-42d6-8980-33df34c11634" visible="true">
        <arg type="point">6daaf254-4d52-4a2f-9012-c5e513e2b8b7</arg>
        <arg type="point">392c541d-281d-4a2e-a8df-1aa6b52784d1</arg>
        <arg type="point">7ce082f4-af44-4817-9333-eb199e6b8e35</arg>
        <arg type="point">d622ab74-5577-4c3b-a1c0-d42b2fcef6e2</arg>
        <arg type="point">2fb181f3-cda3-4e0c-90d4-90e846c071cb</arg>
        <arg type="point">d7fda9ee-df71-4b3e-9fb8-827ab1b468e2</arg>
        <arg type="point">cea9e572-ceb8-486f-8b6e-ac14fbbb9735</arg>
    </stroke>
    <stroke id="198fb52c-f8dd-4534-a241-e5cdd66c0ebc" visible="true">
        <arg type="point">980ec15a-6073-44ab-b782-7d084af2a43a</arg>
        <arg type="point">58ff24e9-6aac-4c7a-bc61-fc7eee799b8b</arg>
        <arg type="point">1df2651d-5faa-4e4a-8397-bdc7cae5e98c</arg>
        <arg type="point">af5ec4ab-3452-4e34-afbf-6a486a220f8a</arg>
        <arg type="point">e66a731c-953f-4fd4-8823-7d40dd5c0eab</arg>
        <arg type="point">a2c55c02-f1fa-446b-9923-7343ccab480c</arg>
        <arg type="point">732e272f-2f66-4a47-a6a5-b109c1cd5672</arg>
        <arg type="point">09fda552-2938-479e-8942-7c1c03c7c1aa</arg>
        <arg type="point">9489c051-b225-484c-a79b-d03addf9bd76</arg>
    </stroke>
</sketch>
