<?xml version="1.0" encoding="UTF-8"?>
<sketch id="a39cc65e-4a01-4308-843d-ad1286d99146" type="SRL">
    <point id="8b9b091f-5ac5-4bf8-85bb-02e583c2ca6d"
        time="1240260748873" x="480.0" y="229.0"/>
    <point id="ca1a7c36-0c80-4bee-a69c-cf9022b6e8a7"
        time="1240260748893" x="478.0" y="228.0"/>
    <point id="a71dd98c-fe45-43a2-a1dd-76edfb55f888"
        time="1240260748935" x="477.0" y="221.0"/>
    <point id="7f3df1bf-fb51-4433-ab31-070aec06a49a"
        time="1240260748955" x="475.0" y="215.0"/>
    <point id="a76785cf-c3e8-4673-806c-09094331990e"
        time="1240260748976" x="473.0" y="210.0"/>
    <point id="8637f4f1-e918-46f9-8b8a-3d6c66a003ce"
        time="1240260748996" x="469.0" y="206.0"/>
    <point id="2bd92030-8679-4e45-afed-1ce5e863c436"
        time="1240260749016" x="460.0" y="207.0"/>
    <point id="57e47a7e-11e2-449d-90d5-4c7fd6d1a1a6"
        time="1240260749037" x="455.0" y="211.0"/>
    <point id="64d18dd2-3cab-4055-acbe-0400b3b2c5db"
        time="1240260749057" x="446.0" y="227.0"/>
    <point id="b7b073c6-567d-4ba7-a6a6-3ff06a1f4a07"
        time="1240260749077" x="441.0" y="250.0"/>
    <point id="6af689eb-f9b0-4d68-a41e-80c78af1165e"
        time="1240260749098" x="440.0" y="271.0"/>
    <point id="08bbc047-2db0-4439-9398-bb7cf0b76937"
        time="1240260749118" x="447.0" y="285.0"/>
    <point id="ed0d0eeb-7351-4dc3-9754-0d47990ea78e"
        time="1240260749138" x="460.0" y="295.0"/>
    <point id="a28c5639-d0d6-479f-bad6-7f5d33ff220a"
        time="1240260749159" x="474.0" y="300.0"/>
    <point id="0bf2597f-5bb8-4d32-a23c-7c0de3c0dd14"
        time="1240260749179" x="486.0" y="298.0"/>
    <point id="2a6a9e25-c1de-41c1-b279-22486e37d149"
        time="1240260749199" x="489.0" y="297.0"/>
    <point id="03d1797c-8c0e-4bfd-bab0-321500825fd3"
        time="1240260749300" x="484.0" y="275.0"/>
    <point id="6b05d4f9-85b4-42eb-b56d-da68bc5aa014"
        time="1240260749320" x="482.0" y="275.0"/>
    <point id="d7ba4c45-2408-4559-9e45-d93655008a9f"
        time="1240260749342" x="484.0" y="275.0"/>
    <point id="178d2687-d40c-4fd9-a92c-bd8f170ab400"
        time="1240260749363" x="489.0" y="276.0"/>
    <point id="d48b7ad3-349d-428e-a07e-4a1af00a783e"
        time="1240260749383" x="495.0" y="280.0"/>
    <point id="4c4c25b3-4e2a-41ea-8ccf-ddce03c4c342"
        time="1240260749403" x="498.0" y="285.0"/>
    <point id="0c89416d-185f-47e5-a5dc-fce81f212061"
        time="1240260749424" x="498.0" y="292.0"/>
    <point id="d393f2c2-5ae1-4d07-a89d-58a786af00d0"
        time="1240260749444" x="498.0" y="295.0"/>
    <stroke id="0aff40eb-af89-4fac-8478-dedbd2925f61" visible="true">
        <arg type="point">8b9b091f-5ac5-4bf8-85bb-02e583c2ca6d</arg>
        <arg type="point">ca1a7c36-0c80-4bee-a69c-cf9022b6e8a7</arg>
        <arg type="point">a71dd98c-fe45-43a2-a1dd-76edfb55f888</arg>
        <arg type="point">7f3df1bf-fb51-4433-ab31-070aec06a49a</arg>
        <arg type="point">a76785cf-c3e8-4673-806c-09094331990e</arg>
        <arg type="point">8637f4f1-e918-46f9-8b8a-3d6c66a003ce</arg>
        <arg type="point">2bd92030-8679-4e45-afed-1ce5e863c436</arg>
        <arg type="point">57e47a7e-11e2-449d-90d5-4c7fd6d1a1a6</arg>
        <arg type="point">64d18dd2-3cab-4055-acbe-0400b3b2c5db</arg>
        <arg type="point">b7b073c6-567d-4ba7-a6a6-3ff06a1f4a07</arg>
        <arg type="point">6af689eb-f9b0-4d68-a41e-80c78af1165e</arg>
        <arg type="point">08bbc047-2db0-4439-9398-bb7cf0b76937</arg>
        <arg type="point">ed0d0eeb-7351-4dc3-9754-0d47990ea78e</arg>
        <arg type="point">a28c5639-d0d6-479f-bad6-7f5d33ff220a</arg>
        <arg type="point">0bf2597f-5bb8-4d32-a23c-7c0de3c0dd14</arg>
        <arg type="point">2a6a9e25-c1de-41c1-b279-22486e37d149</arg>
    </stroke>
    <stroke id="62555efc-aaee-4a64-810c-016d49b0d2e8" visible="true">
        <arg type="point">03d1797c-8c0e-4bfd-bab0-321500825fd3</arg>
        <arg type="point">6b05d4f9-85b4-42eb-b56d-da68bc5aa014</arg>
        <arg type="point">d7ba4c45-2408-4559-9e45-d93655008a9f</arg>
        <arg type="point">178d2687-d40c-4fd9-a92c-bd8f170ab400</arg>
        <arg type="point">d48b7ad3-349d-428e-a07e-4a1af00a783e</arg>
        <arg type="point">4c4c25b3-4e2a-41ea-8ccf-ddce03c4c342</arg>
        <arg type="point">0c89416d-185f-47e5-a5dc-fce81f212061</arg>
        <arg type="point">d393f2c2-5ae1-4d07-a89d-58a786af00d0</arg>
    </stroke>
</sketch>
