<?xml version="1.0" encoding="UTF-8"?>
<sketch id="b5933c6d-40c1-4cd7-bd88-90282d6cb374" type="SRL">
    <point id="93cd7301-0881-4226-b879-46c9de602b8e"
        time="1240259153049" x="360.0" y="161.0"/>
    <point id="bdcf40ba-bd7b-47db-ae77-5bec0abdbaae"
        time="1240259153069" x="360.0" y="159.0"/>
    <point id="8765ebe2-e922-41a4-a9f5-04ce69f0b894"
        time="1240259153135" x="363.0" y="165.0"/>
    <point id="af43048a-dd31-40aa-ae94-f3d01491528c"
        time="1240259153156" x="364.0" y="176.0"/>
    <point id="b4f29080-9801-44f1-ae12-5acf8eb866f7"
        time="1240259153177" x="364.0" y="186.0"/>
    <point id="c61afa92-e4f8-4925-bb4e-3fb8c2e45db3"
        time="1240259153198" x="364.0" y="203.0"/>
    <point id="d33958cf-eda0-43e3-9536-89d44cdedf50"
        time="1240259153219" x="362.0" y="227.0"/>
    <point id="c5bf0a54-0766-47eb-9791-fa771eb18a54"
        time="1240259153240" x="363.0" y="239.0"/>
    <point id="82129106-6fb8-47bc-96e1-9fa23fc86a74"
        time="1240259153260" x="365.0" y="246.0"/>
    <point id="d221661a-47c3-4e78-b797-090d3899c89d"
        time="1240259153282" x="366.0" y="248.0"/>
    <point id="c1e2f6cd-869a-4226-b8ef-3326384f2223"
        time="1240259153304" x="366.0" y="247.0"/>
    <point id="91259ea1-5dbc-4435-8642-ea230f753bab"
        time="1240259153580" x="353.0" y="161.0"/>
    <point id="2e1e1786-69f2-47e7-837c-4f71eaa1f268"
        time="1240259153603" x="357.0" y="160.0"/>
    <point id="c73e521e-43f8-49fb-a701-455d78d342fe"
        time="1240259153624" x="363.0" y="158.0"/>
    <point id="8c312b5a-cf49-490c-b61a-1c69b2e9bd42"
        time="1240259153645" x="375.0" y="156.0"/>
    <point id="7b85dead-d8d0-449e-b867-d17f3f56bcc5"
        time="1240259153665" x="390.0" y="153.0"/>
    <point id="53af8e7f-5f80-4d1b-8d1b-86318f63357d"
        time="1240259153687" x="399.0" y="152.0"/>
    <point id="04efac67-5610-411b-86c3-eafafdeccb41"
        time="1240259153708" x="416.0" y="150.0"/>
    <point id="c206af6a-a28e-4e0a-9c22-5af8cb1f3535"
        time="1240259153728" x="424.0" y="149.0"/>
    <point id="7485e355-84b2-49c7-b0cb-47a5ecd2f232"
        time="1240259153749" x="428.0" y="148.0"/>
    <point id="54c36bb3-4add-42fe-bafb-c347f4770c54"
        time="1240259153954" x="366.0" y="192.0"/>
    <point id="d861c13a-90a3-4df1-898d-e243df45d1fc"
        time="1240259153974" x="367.0" y="194.0"/>
    <point id="5367b657-6bbc-46d4-afa9-6c9038309e2a"
        time="1240259153998" x="373.0" y="195.0"/>
    <point id="0229360d-5580-4135-a24b-f3d8429f7ee3"
        time="1240259154019" x="381.0" y="195.0"/>
    <point id="0e94ded8-b56d-46b2-aff2-f21bfdecd670"
        time="1240259154040" x="394.0" y="194.0"/>
    <point id="bbbc7e50-a620-4914-ab25-397325746fc4"
        time="1240259154061" x="409.0" y="192.0"/>
    <point id="0a4d55c0-4220-4efa-8eb1-6b1cfdfb18f6"
        time="1240259154081" x="422.0" y="191.0"/>
    <stroke id="ca5e5a5d-b9e4-4cd0-8498-90f385939c03" visible="true">
        <arg type="point">93cd7301-0881-4226-b879-46c9de602b8e</arg>
        <arg type="point">bdcf40ba-bd7b-47db-ae77-5bec0abdbaae</arg>
        <arg type="point">8765ebe2-e922-41a4-a9f5-04ce69f0b894</arg>
        <arg type="point">af43048a-dd31-40aa-ae94-f3d01491528c</arg>
        <arg type="point">b4f29080-9801-44f1-ae12-5acf8eb866f7</arg>
        <arg type="point">c61afa92-e4f8-4925-bb4e-3fb8c2e45db3</arg>
        <arg type="point">d33958cf-eda0-43e3-9536-89d44cdedf50</arg>
        <arg type="point">c5bf0a54-0766-47eb-9791-fa771eb18a54</arg>
        <arg type="point">82129106-6fb8-47bc-96e1-9fa23fc86a74</arg>
        <arg type="point">d221661a-47c3-4e78-b797-090d3899c89d</arg>
        <arg type="point">c1e2f6cd-869a-4226-b8ef-3326384f2223</arg>
    </stroke>
    <stroke id="c58ad7c1-9f24-4d23-b3aa-807fbe6acb71" visible="true">
        <arg type="point">91259ea1-5dbc-4435-8642-ea230f753bab</arg>
        <arg type="point">2e1e1786-69f2-47e7-837c-4f71eaa1f268</arg>
        <arg type="point">c73e521e-43f8-49fb-a701-455d78d342fe</arg>
        <arg type="point">8c312b5a-cf49-490c-b61a-1c69b2e9bd42</arg>
        <arg type="point">7b85dead-d8d0-449e-b867-d17f3f56bcc5</arg>
        <arg type="point">53af8e7f-5f80-4d1b-8d1b-86318f63357d</arg>
        <arg type="point">04efac67-5610-411b-86c3-eafafdeccb41</arg>
        <arg type="point">c206af6a-a28e-4e0a-9c22-5af8cb1f3535</arg>
        <arg type="point">7485e355-84b2-49c7-b0cb-47a5ecd2f232</arg>
    </stroke>
    <stroke id="006cb8d3-a08b-40ca-af5c-79fcff7fed98" visible="true">
        <arg type="point">54c36bb3-4add-42fe-bafb-c347f4770c54</arg>
        <arg type="point">d861c13a-90a3-4df1-898d-e243df45d1fc</arg>
        <arg type="point">5367b657-6bbc-46d4-afa9-6c9038309e2a</arg>
        <arg type="point">0229360d-5580-4135-a24b-f3d8429f7ee3</arg>
        <arg type="point">0e94ded8-b56d-46b2-aff2-f21bfdecd670</arg>
        <arg type="point">bbbc7e50-a620-4914-ab25-397325746fc4</arg>
        <arg type="point">0a4d55c0-4220-4efa-8eb1-6b1cfdfb18f6</arg>
    </stroke>
</sketch>
