<?xml version="1.0" encoding="UTF-8"?>
<sketch id="2b2b56e9-072f-4dc7-98c6-b4a32a72bb9f" type="SRL">
    <point id="3b0ce0b8-ade4-4716-957a-da27a9290e2b"
        time="1240260537784" x="387.0" y="247.0"/>
    <point id="76825cc4-420e-4fc9-87da-36d2754d4096"
        time="1240260537805" x="385.0" y="237.0"/>
    <point id="46f6c4fb-c2d7-4e14-8208-6424cf3bce8d"
        time="1240260537847" x="380.0" y="217.0"/>
    <point id="848fc030-7205-478d-9492-f5f887df4617"
        time="1240260537867" x="377.0" y="200.0"/>
    <point id="8f9eec94-e137-40eb-af6d-d3b0b8b48df2"
        time="1240260537887" x="374.0" y="184.0"/>
    <point id="a56d5a7a-47d7-40ae-ba21-79c4a14b69c5"
        time="1240260537908" x="370.0" y="162.0"/>
    <point id="c35facda-abd3-486a-b47c-329f6343227b"
        time="1240260537928" x="367.0" y="150.0"/>
    <point id="770b0d77-590c-4192-97cc-21de009a0ad5"
        time="1240260537949" x="366.0" y="143.0"/>
    <point id="7ced7125-d197-4eee-8757-2f19efe588f1"
        time="1240260537969" x="364.0" y="136.0"/>
    <point id="c03d1b97-ad8a-48bb-80e1-cdfe1e5c5716"
        time="1240260537989" x="366.0" y="133.0"/>
    <point id="6bdce0be-daae-447d-a7d7-8733e4b63b6b"
        time="1240260538010" x="374.0" y="131.0"/>
    <point id="463179e6-e88c-465d-abb9-bfd9265902e3"
        time="1240260538030" x="389.0" y="129.0"/>
    <point id="9ced5261-e274-49d4-a907-c8edbf987657"
        time="1240260538050" x="410.0" y="128.0"/>
    <point id="7bf65531-5980-494a-b6eb-f909d20d6efe"
        time="1240260538071" x="431.0" y="128.0"/>
    <point id="e501ee62-d7c9-4e67-a57d-6978e7e25c3a"
        time="1240260538091" x="449.0" y="130.0"/>
    <point id="1a7ba0c1-6927-49ed-9d2a-3e057666e9d6"
        time="1240260538111" x="463.0" y="132.0"/>
    <point id="92fd38a2-ad38-4a14-aa21-d46e293e49bd"
        time="1240260538132" x="469.0" y="135.0"/>
    <point id="b3b96070-9f3d-4f63-a20f-1f6c375c0561"
        time="1240260538152" x="472.0" y="139.0"/>
    <point id="4a0af0a3-9b85-4a56-9fb1-b71a20d6d645"
        time="1240260538314" x="372.0" y="212.0"/>
    <point id="c6c2f590-8784-42cc-847b-8d9702c15611"
        time="1240260538334" x="369.0" y="218.0"/>
    <point id="b1e86141-41af-4dc3-9c17-4f93b36ba5f3"
        time="1240260538356" x="370.0" y="219.0"/>
    <point id="40a1ce30-1274-467b-a622-042b2076ae32"
        time="1240260538377" x="376.0" y="217.0"/>
    <point id="f2abaaac-f86b-4487-baa8-6e90d446db74"
        time="1240260538397" x="390.0" y="212.0"/>
    <point id="50545a23-e13d-4dd7-9d22-adf09315b9aa"
        time="1240260538417" x="395.0" y="210.0"/>
    <stroke id="351b19c7-2c2b-44a0-88f9-80c8da1aa3be" visible="true">
        <arg type="point">3b0ce0b8-ade4-4716-957a-da27a9290e2b</arg>
        <arg type="point">76825cc4-420e-4fc9-87da-36d2754d4096</arg>
        <arg type="point">46f6c4fb-c2d7-4e14-8208-6424cf3bce8d</arg>
        <arg type="point">848fc030-7205-478d-9492-f5f887df4617</arg>
        <arg type="point">8f9eec94-e137-40eb-af6d-d3b0b8b48df2</arg>
        <arg type="point">a56d5a7a-47d7-40ae-ba21-79c4a14b69c5</arg>
        <arg type="point">c35facda-abd3-486a-b47c-329f6343227b</arg>
        <arg type="point">770b0d77-590c-4192-97cc-21de009a0ad5</arg>
        <arg type="point">7ced7125-d197-4eee-8757-2f19efe588f1</arg>
        <arg type="point">c03d1b97-ad8a-48bb-80e1-cdfe1e5c5716</arg>
        <arg type="point">6bdce0be-daae-447d-a7d7-8733e4b63b6b</arg>
        <arg type="point">463179e6-e88c-465d-abb9-bfd9265902e3</arg>
        <arg type="point">9ced5261-e274-49d4-a907-c8edbf987657</arg>
        <arg type="point">7bf65531-5980-494a-b6eb-f909d20d6efe</arg>
        <arg type="point">e501ee62-d7c9-4e67-a57d-6978e7e25c3a</arg>
        <arg type="point">1a7ba0c1-6927-49ed-9d2a-3e057666e9d6</arg>
        <arg type="point">92fd38a2-ad38-4a14-aa21-d46e293e49bd</arg>
        <arg type="point">b3b96070-9f3d-4f63-a20f-1f6c375c0561</arg>
    </stroke>
    <stroke id="fe0a9995-0373-49a3-ad36-5f51fe2afd84" visible="true">
        <arg type="point">4a0af0a3-9b85-4a56-9fb1-b71a20d6d645</arg>
        <arg type="point">c6c2f590-8784-42cc-847b-8d9702c15611</arg>
        <arg type="point">b1e86141-41af-4dc3-9c17-4f93b36ba5f3</arg>
        <arg type="point">40a1ce30-1274-467b-a622-042b2076ae32</arg>
        <arg type="point">f2abaaac-f86b-4487-baa8-6e90d446db74</arg>
        <arg type="point">50545a23-e13d-4dd7-9d22-adf09315b9aa</arg>
    </stroke>
</sketch>
