<?xml version="1.0" encoding="UTF-8"?>
<sketch id="58f0a612-ccf4-4500-91d8-96438e2ca198" type="SRL">
    <point id="018d5702-1a47-4c7d-90d3-b7a98c1248ae"
        time="1240260712712" x="414.0" y="191.0"/>
    <point id="0a6ec275-8f79-43a8-abeb-97b37e4661ef"
        time="1240260712739" x="413.0" y="193.0"/>
    <point id="8f114b4c-d390-4b83-a5b3-7da73e859649"
        time="1240260712779" x="420.0" y="219.0"/>
    <point id="058ac462-bb91-48cc-ace6-af7342900a61"
        time="1240260712800" x="426.0" y="240.0"/>
    <point id="d9e1487a-c953-49b1-9d1b-16aae06d5178"
        time="1240260712821" x="429.0" y="251.0"/>
    <point id="9319bc83-35f1-430d-ae5d-d0c64fa1fae0"
        time="1240260712841" x="431.0" y="258.0"/>
    <point id="a4e4c8dd-db2a-48e0-93fe-20319c146bc4"
        time="1240260712861" x="430.0" y="258.0"/>
    <point id="36e84729-e1ae-47b4-ad89-3801baf0f8d6"
        time="1240260712882" x="429.0" y="248.0"/>
    <point id="31e7db36-a537-4387-9f7f-5eccd32a8ab2"
        time="1240260712902" x="426.0" y="229.0"/>
    <point id="47497cd0-4bcf-4305-8cf5-60d0ef44cc4a"
        time="1240260712922" x="421.0" y="206.0"/>
    <point id="606eea81-f7f2-4fb1-8b1c-fa5e06041895"
        time="1240260712943" x="417.0" y="187.0"/>
    <point id="7b532efd-7774-45f4-8d4f-9de8566b745e"
        time="1240260712963" x="415.0" y="176.0"/>
    <point id="ef99fe89-4788-413e-a769-917483abf76f"
        time="1240260712983" x="415.0" y="173.0"/>
    <point id="59ac9209-09c0-43cc-b7d9-349f611bb0ab"
        time="1240260713004" x="420.0" y="172.0"/>
    <point id="82525c66-2b02-4935-a708-c225f9ffcebb"
        time="1240260713024" x="432.0" y="170.0"/>
    <point id="2b077e0e-a621-4942-bb10-addfe33988a7"
        time="1240260713044" x="451.0" y="168.0"/>
    <point id="588ddcf3-a23a-4500-ae00-a308e7c735c9"
        time="1240260713065" x="469.0" y="168.0"/>
    <point id="44e5f26c-34fb-4556-9c97-b75170f046f3"
        time="1240260713085" x="473.0" y="168.0"/>
    <point id="a46f1d3e-0579-429e-b58c-8512e7a396c7"
        time="1240260713227" x="424.0" y="229.0"/>
    <point id="d5233e30-bb8f-4fa1-8ee2-f2cf28db2b3c"
        time="1240260713248" x="423.0" y="232.0"/>
    <point id="af01a0fb-bdf3-4c8d-b6ab-3e10f86fd83c"
        time="1240260713270" x="430.0" y="231.0"/>
    <point id="697192ba-5229-4069-8e3b-707b4816eb05"
        time="1240260713290" x="443.0" y="227.0"/>
    <point id="d702f534-32b0-4e4e-8685-e15fbcfa5df4"
        time="1240260713311" x="448.0" y="226.0"/>
    <stroke id="4a4ccc9e-ba22-4c0b-805c-7e74cdea98ce" visible="true">
        <arg type="point">018d5702-1a47-4c7d-90d3-b7a98c1248ae</arg>
        <arg type="point">0a6ec275-8f79-43a8-abeb-97b37e4661ef</arg>
        <arg type="point">8f114b4c-d390-4b83-a5b3-7da73e859649</arg>
        <arg type="point">058ac462-bb91-48cc-ace6-af7342900a61</arg>
        <arg type="point">d9e1487a-c953-49b1-9d1b-16aae06d5178</arg>
        <arg type="point">9319bc83-35f1-430d-ae5d-d0c64fa1fae0</arg>
        <arg type="point">a4e4c8dd-db2a-48e0-93fe-20319c146bc4</arg>
        <arg type="point">36e84729-e1ae-47b4-ad89-3801baf0f8d6</arg>
        <arg type="point">31e7db36-a537-4387-9f7f-5eccd32a8ab2</arg>
        <arg type="point">47497cd0-4bcf-4305-8cf5-60d0ef44cc4a</arg>
        <arg type="point">606eea81-f7f2-4fb1-8b1c-fa5e06041895</arg>
        <arg type="point">7b532efd-7774-45f4-8d4f-9de8566b745e</arg>
        <arg type="point">ef99fe89-4788-413e-a769-917483abf76f</arg>
        <arg type="point">59ac9209-09c0-43cc-b7d9-349f611bb0ab</arg>
        <arg type="point">82525c66-2b02-4935-a708-c225f9ffcebb</arg>
        <arg type="point">2b077e0e-a621-4942-bb10-addfe33988a7</arg>
        <arg type="point">588ddcf3-a23a-4500-ae00-a308e7c735c9</arg>
        <arg type="point">44e5f26c-34fb-4556-9c97-b75170f046f3</arg>
    </stroke>
    <stroke id="b7e54d30-bd99-4626-a411-f923cc15e78d" visible="true">
        <arg type="point">a46f1d3e-0579-429e-b58c-8512e7a396c7</arg>
        <arg type="point">d5233e30-bb8f-4fa1-8ee2-f2cf28db2b3c</arg>
        <arg type="point">af01a0fb-bdf3-4c8d-b6ab-3e10f86fd83c</arg>
        <arg type="point">697192ba-5229-4069-8e3b-707b4816eb05</arg>
        <arg type="point">d702f534-32b0-4e4e-8685-e15fbcfa5df4</arg>
    </stroke>
</sketch>
