<?xml version="1.0" encoding="UTF-8"?>
<sketch id="13533137-3127-43e1-a62a-15204b62a68d" type="SRL">
    <point id="d103b27d-9817-4440-99a1-c73f18504cce"
        time="1240259189548" x="395.0" y="228.0"/>
    <point id="965aee36-dbcd-4c55-b267-f56171015f36"
        time="1240259189587" x="396.0" y="226.0"/>
    <point id="39e296ad-becd-4a42-902e-52570468d2e0"
        time="1240259189657" x="398.0" y="232.0"/>
    <point id="2b15e9a3-f2ce-4be1-b0e9-c1c35ca9649e"
        time="1240259189678" x="399.0" y="243.0"/>
    <point id="dd5696ef-a051-4d78-9d18-76f85bca0b0e"
        time="1240259189699" x="401.0" y="256.0"/>
    <point id="b097d81c-8273-43e4-be30-42cde32983f1"
        time="1240259189719" x="404.0" y="271.0"/>
    <point id="a314e06c-10fb-41b4-ac5c-64d158502409"
        time="1240259189740" x="405.0" y="282.0"/>
    <point id="21646cee-51d6-4066-857f-84398c5e3699"
        time="1240259189761" x="404.0" y="289.0"/>
    <point id="84ab171f-3374-45b6-80fe-c80f37bce21b"
        time="1240259189782" x="404.0" y="295.0"/>
    <point id="b8d40d92-584d-4fcf-9a90-8f1ee410dd14"
        time="1240259189803" x="405.0" y="296.0"/>
    <point id="49f6a32c-ee44-40da-b51c-d683abcf5793"
        time="1240259189823" x="405.0" y="294.0"/>
    <point id="bd7ed9d9-277e-4f29-93ec-1ed320db3af2"
        time="1240259189844" x="405.0" y="292.0"/>
    <point id="c68a9cea-b5a7-47e1-9ebb-96703b5e8a1f"
        time="1240259190109" x="388.0" y="230.0"/>
    <point id="f902aa25-b385-46b1-a861-d16d20025e46"
        time="1240259190132" x="390.0" y="228.0"/>
    <point id="db494afd-86cf-4e55-9b54-ea5c504006e1"
        time="1240259190154" x="393.0" y="227.0"/>
    <point id="0b84ba95-3321-4551-91fc-9dadcf347b62"
        time="1240259190175" x="410.0" y="226.0"/>
    <point id="dd27c3ef-e828-483e-b976-332364c07486"
        time="1240259190198" x="430.0" y="228.0"/>
    <point id="40dd983e-aa78-475c-a90e-e95cdca07740"
        time="1240259190219" x="454.0" y="236.0"/>
    <point id="5bcdb979-b0ea-4cdb-9aa8-dab6ce169a89"
        time="1240259190240" x="466.0" y="245.0"/>
    <point id="46863909-cfeb-48d7-9c8c-d96538172b24"
        time="1240259190262" x="469.0" y="256.0"/>
    <point id="0a2f03b4-d821-4e21-b688-4c350a1ef00a"
        time="1240259190283" x="462.0" y="268.0"/>
    <point id="b578f807-3c27-4ee0-bcde-4bced8c063ab"
        time="1240259190304" x="447.0" y="279.0"/>
    <point id="63a525db-bd9d-4bf8-a523-7beb41fb1311"
        time="1240259190324" x="431.0" y="289.0"/>
    <point id="c84908fe-e239-45a0-bfcd-1abfa648cc22"
        time="1240259190345" x="416.0" y="296.0"/>
    <point id="78c99a1f-e1b0-4bf7-8f33-bde11a3c54bb"
        time="1240259190366" x="406.0" y="300.0"/>
    <point id="ab81b91f-b151-4786-8246-e4c42b6ce2c1"
        time="1240259190387" x="400.0" y="301.0"/>
    <point id="f3489fb3-978e-42a8-94c0-c768e6675dae"
        time="1240259190408" x="398.0" y="300.0"/>
    <point id="7b80fb0a-276c-4d93-a50f-079c393349e8"
        time="1240259190431" x="399.0" y="298.0"/>
    <stroke id="8c8aa2a3-e9e6-4c1b-b2c8-5e069dce26f2" visible="true">
        <arg type="point">d103b27d-9817-4440-99a1-c73f18504cce</arg>
        <arg type="point">965aee36-dbcd-4c55-b267-f56171015f36</arg>
        <arg type="point">39e296ad-becd-4a42-902e-52570468d2e0</arg>
        <arg type="point">2b15e9a3-f2ce-4be1-b0e9-c1c35ca9649e</arg>
        <arg type="point">dd5696ef-a051-4d78-9d18-76f85bca0b0e</arg>
        <arg type="point">b097d81c-8273-43e4-be30-42cde32983f1</arg>
        <arg type="point">a314e06c-10fb-41b4-ac5c-64d158502409</arg>
        <arg type="point">21646cee-51d6-4066-857f-84398c5e3699</arg>
        <arg type="point">84ab171f-3374-45b6-80fe-c80f37bce21b</arg>
        <arg type="point">b8d40d92-584d-4fcf-9a90-8f1ee410dd14</arg>
        <arg type="point">49f6a32c-ee44-40da-b51c-d683abcf5793</arg>
        <arg type="point">bd7ed9d9-277e-4f29-93ec-1ed320db3af2</arg>
    </stroke>
    <stroke id="ef435541-3292-4e7b-8aa2-8b551c3f0896" visible="true">
        <arg type="point">c68a9cea-b5a7-47e1-9ebb-96703b5e8a1f</arg>
        <arg type="point">f902aa25-b385-46b1-a861-d16d20025e46</arg>
        <arg type="point">db494afd-86cf-4e55-9b54-ea5c504006e1</arg>
        <arg type="point">0b84ba95-3321-4551-91fc-9dadcf347b62</arg>
        <arg type="point">dd27c3ef-e828-483e-b976-332364c07486</arg>
        <arg type="point">40dd983e-aa78-475c-a90e-e95cdca07740</arg>
        <arg type="point">5bcdb979-b0ea-4cdb-9aa8-dab6ce169a89</arg>
        <arg type="point">46863909-cfeb-48d7-9c8c-d96538172b24</arg>
        <arg type="point">0a2f03b4-d821-4e21-b688-4c350a1ef00a</arg>
        <arg type="point">b578f807-3c27-4ee0-bcde-4bced8c063ab</arg>
        <arg type="point">63a525db-bd9d-4bf8-a523-7beb41fb1311</arg>
        <arg type="point">c84908fe-e239-45a0-bfcd-1abfa648cc22</arg>
        <arg type="point">78c99a1f-e1b0-4bf7-8f33-bde11a3c54bb</arg>
        <arg type="point">ab81b91f-b151-4786-8246-e4c42b6ce2c1</arg>
        <arg type="point">f3489fb3-978e-42a8-94c0-c768e6675dae</arg>
        <arg type="point">7b80fb0a-276c-4d93-a50f-079c393349e8</arg>
    </stroke>
</sketch>
