<?xml version="1.0" encoding="UTF-8"?>
<sketch id="6660fa33-c2d3-4fe4-90ac-319b78686bcb" type="SRL">
    <point id="d6c9b024-313a-470a-9fd0-cfbab9322cdd"
        time="1240259364551" x="381.0" y="269.0"/>
    <point id="5c59b297-b002-4149-ad30-7bdab1a7f557"
        time="1240259364571" x="381.0" y="266.0"/>
    <point id="c99a2e91-15a2-4d31-8d2f-c5b7ad2f6ace"
        time="1240259364615" x="381.0" y="265.0"/>
    <point id="38e2dfd5-b6b4-4f53-a41a-94f551be450f"
        time="1240259364635" x="382.0" y="269.0"/>
    <point id="4192f5b4-f413-46f0-8c95-de78000e73bc"
        time="1240259364657" x="383.0" y="279.0"/>
    <point id="61424beb-6812-4a75-879d-45b91a239153"
        time="1240259364677" x="386.0" y="292.0"/>
    <point id="d4751084-8253-4fc4-99f4-6a0e9bf951df"
        time="1240259364698" x="388.0" y="302.0"/>
    <point id="5d0a31e3-1d45-4963-a622-8cd92ac9dada"
        time="1240259364719" x="389.0" y="316.0"/>
    <point id="08bae9fd-5f01-4c82-8510-7e48d1eb8b61"
        time="1240259364740" x="389.0" y="333.0"/>
    <point id="874a03ad-099e-49fb-9d42-643b6d0074a8"
        time="1240259364760" x="390.0" y="339.0"/>
    <point id="382beb57-a6f4-497b-b24e-26d25155005d"
        time="1240259364801" x="390.0" y="338.0"/>
    <point id="3ca6bc3d-1404-4b36-9322-119a73e4c4a6"
        time="1240259364964" x="375.0" y="272.0"/>
    <point id="1cbb78c0-0959-460b-beff-2034bd16430c"
        time="1240259364984" x="373.0" y="264.0"/>
    <point id="61b6fdf4-88c6-46c1-8495-6b863c1e129c"
        time="1240259365007" x="378.0" y="260.0"/>
    <point id="3dde8bdf-aa7d-4d20-9c87-fccb33be699f"
        time="1240259365028" x="390.0" y="255.0"/>
    <point id="6a4f650b-65f1-4cad-8b07-6c7c55338e6d"
        time="1240259365049" x="407.0" y="255.0"/>
    <point id="1eae1544-b806-4523-b6db-15dd680ec342"
        time="1240259365069" x="423.0" y="259.0"/>
    <point id="4acc38e9-33dc-4a13-aee2-59b7435cc1ed"
        time="1240259365090" x="434.0" y="267.0"/>
    <point id="5b530e19-404b-4333-bc09-5a2227e4b612"
        time="1240259365111" x="436.0" y="275.0"/>
    <point id="e2251abd-d186-45ad-a136-c9ae33f37d9f"
        time="1240259365132" x="430.0" y="283.0"/>
    <point id="aa0721b3-d827-419c-80da-ce941026c2ff"
        time="1240259365152" x="416.0" y="291.0"/>
    <point id="3c589277-ac37-4631-976c-dde28008044d"
        time="1240259365173" x="399.0" y="295.0"/>
    <point id="b27003d0-3f97-4891-a5b4-bc3c7a7da803"
        time="1240259365194" x="388.0" y="295.0"/>
    <point id="df149067-e53e-4d6d-803c-20f60054f512"
        time="1240259365214" x="386.0" y="293.0"/>
    <stroke id="d798af3a-bdfd-4686-8ab2-70a0bdb618f5" visible="true">
        <arg type="point">d6c9b024-313a-470a-9fd0-cfbab9322cdd</arg>
        <arg type="point">5c59b297-b002-4149-ad30-7bdab1a7f557</arg>
        <arg type="point">c99a2e91-15a2-4d31-8d2f-c5b7ad2f6ace</arg>
        <arg type="point">38e2dfd5-b6b4-4f53-a41a-94f551be450f</arg>
        <arg type="point">4192f5b4-f413-46f0-8c95-de78000e73bc</arg>
        <arg type="point">61424beb-6812-4a75-879d-45b91a239153</arg>
        <arg type="point">d4751084-8253-4fc4-99f4-6a0e9bf951df</arg>
        <arg type="point">5d0a31e3-1d45-4963-a622-8cd92ac9dada</arg>
        <arg type="point">08bae9fd-5f01-4c82-8510-7e48d1eb8b61</arg>
        <arg type="point">874a03ad-099e-49fb-9d42-643b6d0074a8</arg>
        <arg type="point">382beb57-a6f4-497b-b24e-26d25155005d</arg>
    </stroke>
    <stroke id="3b45002b-bced-45f1-9388-6d575a03c038" visible="true">
        <arg type="point">3ca6bc3d-1404-4b36-9322-119a73e4c4a6</arg>
        <arg type="point">1cbb78c0-0959-460b-beff-2034bd16430c</arg>
        <arg type="point">61b6fdf4-88c6-46c1-8495-6b863c1e129c</arg>
        <arg type="point">3dde8bdf-aa7d-4d20-9c87-fccb33be699f</arg>
        <arg type="point">6a4f650b-65f1-4cad-8b07-6c7c55338e6d</arg>
        <arg type="point">1eae1544-b806-4523-b6db-15dd680ec342</arg>
        <arg type="point">4acc38e9-33dc-4a13-aee2-59b7435cc1ed</arg>
        <arg type="point">5b530e19-404b-4333-bc09-5a2227e4b612</arg>
        <arg type="point">e2251abd-d186-45ad-a136-c9ae33f37d9f</arg>
        <arg type="point">aa0721b3-d827-419c-80da-ce941026c2ff</arg>
        <arg type="point">3c589277-ac37-4631-976c-dde28008044d</arg>
        <arg type="point">b27003d0-3f97-4891-a5b4-bc3c7a7da803</arg>
        <arg type="point">df149067-e53e-4d6d-803c-20f60054f512</arg>
    </stroke>
</sketch>
