<?xml version="1.0" encoding="UTF-8"?>
<sketch id="5eb9a6ab-9221-4e9a-8fae-7577a42e32e8" type="SRL">
    <point id="03753961-2abb-4456-9961-45d8a436cd66"
        time="1240260613931" x="402.0" y="183.0"/>
    <point id="9affc202-88ec-4d45-833d-dad5cc713a0e"
        time="1240260613951" x="400.0" y="180.0"/>
    <point id="aa85d74a-ddc2-4561-8633-dc39a0913b35"
        time="1240260613994" x="403.0" y="187.0"/>
    <point id="cea22773-5f8d-4353-aede-5c01a2e2548d"
        time="1240260614014" x="406.0" y="201.0"/>
    <point id="dfceaf9e-c8b9-4c5a-b43a-246a7ee387e9"
        time="1240260614035" x="411.0" y="221.0"/>
    <point id="4c731f3f-a82d-4ac8-aeed-e3e31129c2db"
        time="1240260614055" x="418.0" y="243.0"/>
    <point id="887a5ece-9533-4ad6-97f9-de7a8afaf1e0"
        time="1240260614075" x="421.0" y="251.0"/>
    <point id="de65741d-0e37-4b2c-a280-342fd9550a20"
        time="1240260614096" x="423.0" y="255.0"/>
    <point id="10354b90-1b2f-43d6-bb92-683873412e43"
        time="1240260614116" x="422.0" y="251.0"/>
    <point id="d0d9e7f5-ec39-46d7-a902-d7c506bc795d"
        time="1240260614136" x="420.0" y="240.0"/>
    <point id="a405bf2e-ece1-46b1-a020-68e92a59d937"
        time="1240260614157" x="417.0" y="222.0"/>
    <point id="0890ec3b-5cdc-4943-9625-e2c78f56df9c"
        time="1240260614177" x="413.0" y="198.0"/>
    <point id="7be3bcea-2d17-46db-976c-592f7fcf3d2e"
        time="1240260614197" x="410.0" y="173.0"/>
    <point id="4253badd-b276-446b-9c04-00c1a8d4be8d"
        time="1240260614218" x="409.0" y="156.0"/>
    <point id="0b023b01-9c94-41b5-a8f2-a954443df0d1"
        time="1240260614238" x="412.0" y="147.0"/>
    <point id="5c17cfa9-6396-4746-ad94-3cd2cf710f27"
        time="1240260614258" x="416.0" y="143.0"/>
    <point id="05eaf3f6-ef99-48bb-ae1d-e1083bd30bc7"
        time="1240260614279" x="426.0" y="143.0"/>
    <point id="5c3b3e24-a322-48e5-b61f-d18b9b6661f8"
        time="1240260614300" x="447.0" y="151.0"/>
    <point id="f0495011-963c-4127-a75c-e7760fb0ad7e"
        time="1240260614320" x="461.0" y="161.0"/>
    <point id="013760c8-fa74-40f2-95db-c90105f12232"
        time="1240260614340" x="467.0" y="171.0"/>
    <point id="ad1cd26e-0e23-401e-96fd-ebf53789e848"
        time="1240260614361" x="463.0" y="181.0"/>
    <point id="c4763450-22ed-43cf-a704-6d0cc28a18a2"
        time="1240260614381" x="455.0" y="187.0"/>
    <point id="77b34854-d7fd-41b8-8c66-e0e7acb8add7"
        time="1240260614401" x="441.0" y="194.0"/>
    <point id="f2184ac3-f155-4224-b8ae-189dbc7b7b16"
        time="1240260614422" x="425.0" y="198.0"/>
    <point id="b4641fd5-8ec2-47f6-9424-0d8077bb5644"
        time="1240260614442" x="415.0" y="199.0"/>
    <stroke id="68d195f3-06ad-4704-923e-3b1b1e9eca3a" visible="true">
        <arg type="point">03753961-2abb-4456-9961-45d8a436cd66</arg>
        <arg type="point">9affc202-88ec-4d45-833d-dad5cc713a0e</arg>
        <arg type="point">aa85d74a-ddc2-4561-8633-dc39a0913b35</arg>
        <arg type="point">cea22773-5f8d-4353-aede-5c01a2e2548d</arg>
        <arg type="point">dfceaf9e-c8b9-4c5a-b43a-246a7ee387e9</arg>
        <arg type="point">4c731f3f-a82d-4ac8-aeed-e3e31129c2db</arg>
        <arg type="point">887a5ece-9533-4ad6-97f9-de7a8afaf1e0</arg>
        <arg type="point">de65741d-0e37-4b2c-a280-342fd9550a20</arg>
        <arg type="point">10354b90-1b2f-43d6-bb92-683873412e43</arg>
        <arg type="point">d0d9e7f5-ec39-46d7-a902-d7c506bc795d</arg>
        <arg type="point">a405bf2e-ece1-46b1-a020-68e92a59d937</arg>
        <arg type="point">0890ec3b-5cdc-4943-9625-e2c78f56df9c</arg>
        <arg type="point">7be3bcea-2d17-46db-976c-592f7fcf3d2e</arg>
        <arg type="point">4253badd-b276-446b-9c04-00c1a8d4be8d</arg>
        <arg type="point">0b023b01-9c94-41b5-a8f2-a954443df0d1</arg>
        <arg type="point">5c17cfa9-6396-4746-ad94-3cd2cf710f27</arg>
        <arg type="point">05eaf3f6-ef99-48bb-ae1d-e1083bd30bc7</arg>
        <arg type="point">5c3b3e24-a322-48e5-b61f-d18b9b6661f8</arg>
        <arg type="point">f0495011-963c-4127-a75c-e7760fb0ad7e</arg>
        <arg type="point">013760c8-fa74-40f2-95db-c90105f12232</arg>
        <arg type="point">ad1cd26e-0e23-401e-96fd-ebf53789e848</arg>
        <arg type="point">c4763450-22ed-43cf-a704-6d0cc28a18a2</arg>
        <arg type="point">77b34854-d7fd-41b8-8c66-e0e7acb8add7</arg>
        <arg type="point">f2184ac3-f155-4224-b8ae-189dbc7b7b16</arg>
        <arg type="point">b4641fd5-8ec2-47f6-9424-0d8077bb5644</arg>
    </stroke>
</sketch>
