<?xml version="1.0" encoding="UTF-8"?>
<sketch id="da206dbc-df91-4d30-9250-4396fd34986f" type="SRL">
    <point id="18604f9d-b994-4d05-ab76-93dadce1e4e9"
        time="1240260741003" x="413.0" y="214.0"/>
    <point id="597cf86b-334b-4802-906b-ba76a6833d50"
        time="1240260741023" x="411.0" y="215.0"/>
    <point id="ddd37be7-61e6-42b5-9e65-08d2877b63d4"
        time="1240260741065" x="416.0" y="213.0"/>
    <point id="be5ee7a2-d1cc-4d5b-ad3c-81ab7a4e438f"
        time="1240260741085" x="433.0" y="209.0"/>
    <point id="9db6d7ba-76d2-48bd-80df-4aaafc09cb12"
        time="1240260741106" x="455.0" y="207.0"/>
    <point id="a2c70bc0-711c-46c5-8050-0710a9b9263c"
        time="1240260741126" x="478.0" y="205.0"/>
    <point id="9b6193cb-6fed-43e7-a829-faee274e4305"
        time="1240260741146" x="490.0" y="205.0"/>
    <point id="1dfb026f-a484-4c43-bc10-8ac41a51f731"
        time="1240260741308" x="444.0" y="209.0"/>
    <point id="aa8998aa-3fa6-4091-bca7-93951757e9d8"
        time="1240260741328" x="444.0" y="210.0"/>
    <point id="af91985a-57e9-403f-a73c-2a412c6a5fb8"
        time="1240260741350" x="446.0" y="214.0"/>
    <point id="de25a148-bf84-4e5a-9a70-6eaff910ae62"
        time="1240260741370" x="450.0" y="225.0"/>
    <point id="4af24d19-880b-48c7-bc80-f18bc699b1a5"
        time="1240260741390" x="454.0" y="242.0"/>
    <point id="89b74136-fb96-4719-91c1-4ac6f282d443"
        time="1240260741411" x="457.0" y="261.0"/>
    <point id="656e057d-21ea-461a-8ae0-8318b769e891"
        time="1240260741431" x="460.0" y="270.0"/>
    <stroke id="628b6c79-1a38-4847-8b45-34f1bc9ad8b2" visible="true">
        <arg type="point">18604f9d-b994-4d05-ab76-93dadce1e4e9</arg>
        <arg type="point">597cf86b-334b-4802-906b-ba76a6833d50</arg>
        <arg type="point">ddd37be7-61e6-42b5-9e65-08d2877b63d4</arg>
        <arg type="point">be5ee7a2-d1cc-4d5b-ad3c-81ab7a4e438f</arg>
        <arg type="point">9db6d7ba-76d2-48bd-80df-4aaafc09cb12</arg>
        <arg type="point">a2c70bc0-711c-46c5-8050-0710a9b9263c</arg>
        <arg type="point">9b6193cb-6fed-43e7-a829-faee274e4305</arg>
    </stroke>
    <stroke id="d7bc8265-7ab2-4720-9913-425bf36a4708" visible="true">
        <arg type="point">1dfb026f-a484-4c43-bc10-8ac41a51f731</arg>
        <arg type="point">aa8998aa-3fa6-4091-bca7-93951757e9d8</arg>
        <arg type="point">af91985a-57e9-403f-a73c-2a412c6a5fb8</arg>
        <arg type="point">de25a148-bf84-4e5a-9a70-6eaff910ae62</arg>
        <arg type="point">4af24d19-880b-48c7-bc80-f18bc699b1a5</arg>
        <arg type="point">89b74136-fb96-4719-91c1-4ac6f282d443</arg>
        <arg type="point">656e057d-21ea-461a-8ae0-8318b769e891</arg>
    </stroke>
</sketch>
