<?xml version="1.0" encoding="UTF-8"?>
<sketch id="f91b9250-4c9f-4caf-8b92-d810ec4c3ca8" type="SRL">
    <point id="90bfded1-a578-4cae-95ad-a40e7235dac9"
        time="1240262682918" x="367.0" y="158.0"/>
    <point id="1537a86c-4f23-4514-9a5b-cd60463da31d"
        time="1240262682954" x="368.0" y="158.0"/>
    <point id="49604bbc-64d2-419c-94ac-300e6ff008c4"
        time="1240262682963" x="370.0" y="158.0"/>
    <point id="938377f7-dabe-4618-9b6b-3c43dcad7386"
        time="1240262682970" x="372.0" y="158.0"/>
    <point id="25475097-c337-4f0e-a21b-af344e8509ef"
        time="1240262682982" x="374.0" y="158.0"/>
    <point id="1a0cc5c7-1d04-4f8d-9908-149d5b4d859d"
        time="1240262682990" x="378.0" y="158.0"/>
    <point id="8d2c1fea-c94b-4241-af0a-afba9673ac82"
        time="1240262682998" x="382.0" y="158.0"/>
    <point id="fc0992ea-83b5-4229-b0f9-baf62af0b433"
        time="1240262683006" x="386.0" y="158.0"/>
    <point id="733ab765-b2d7-4281-8ba1-8241a9727372"
        time="1240262683014" x="390.0" y="158.0"/>
    <point id="fc8cf9fb-480f-44f7-8f2c-7603aa91053b"
        time="1240262683026" x="394.0" y="157.0"/>
    <point id="5154d409-990c-4495-b4a9-fd3c18355c2d"
        time="1240262683034" x="399.0" y="157.0"/>
    <point id="fdbec670-7f08-4f49-b7f1-076d28a9c4ae"
        time="1240262683042" x="403.0" y="156.0"/>
    <point id="b09b7176-a34c-45f9-b54a-da6c6b8cd77b"
        time="1240262683050" x="406.0" y="156.0"/>
    <point id="20366dc4-d05c-490f-bb96-27bc6ff89379"
        time="1240262683062" x="409.0" y="155.0"/>
    <point id="d96d8fb8-6f52-4ebe-814f-62cb6218dc78"
        time="1240262683070" x="411.0" y="155.0"/>
    <point id="fc5f5506-3441-4e11-9517-8eeed34c4535"
        time="1240262683080" x="412.0" y="154.0"/>
    <point id="e1f9411f-3fd2-44b3-b53b-4f102578441d"
        time="1240262683238" x="393.0" y="161.0"/>
    <point id="e1676d7c-f18e-4dc2-89aa-cd33757b4b24"
        time="1240262683246" x="392.0" y="165.0"/>
    <point id="dd021f2e-5ef7-454d-a927-879148e0c1d0"
        time="1240262683258" x="392.0" y="167.0"/>
    <point id="7dea1753-4ed6-4bc2-a16e-2e0d40bce17b"
        time="1240262683266" x="391.0" y="170.0"/>
    <point id="aa685ab8-2d9b-40ee-8098-0afb7062068f"
        time="1240262683274" x="391.0" y="173.0"/>
    <point id="0dd4fbfc-c463-4e09-9a40-3d2b46197728"
        time="1240262683282" x="390.0" y="177.0"/>
    <point id="dace754a-c21c-4c7a-b8c5-fd393bd4dc5f"
        time="1240262683294" x="390.0" y="181.0"/>
    <point id="cae8212f-0f03-44c4-abf6-3b44628439df"
        time="1240262683302" x="389.0" y="185.0"/>
    <point id="5643ee16-8f0d-4d4c-8237-f3cf7184fa36"
        time="1240262683310" x="389.0" y="189.0"/>
    <point id="e33d50da-142f-4dc7-9bb1-4ad804f40bcc"
        time="1240262683318" x="389.0" y="193.0"/>
    <point id="d54bc0da-950e-4bb1-9b08-fe3bd5f6ed3b"
        time="1240262683326" x="389.0" y="197.0"/>
    <point id="33cebb57-9928-4834-880e-6206d84167d4"
        time="1240262683338" x="388.0" y="200.0"/>
    <point id="0c6b2a88-2fe8-43b2-8d1d-6e5273ed1a54"
        time="1240262683346" x="388.0" y="203.0"/>
    <point id="d3ec00ae-9a35-4b93-8653-1945a389563b"
        time="1240262683354" x="388.0" y="206.0"/>
    <point id="dc63beb6-476a-4b2f-ad5c-b5abff54b565"
        time="1240262683362" x="388.0" y="208.0"/>
    <point id="1284aaaf-90d6-4cf0-964f-33493c174177"
        time="1240262683374" x="388.0" y="210.0"/>
    <point id="575887d5-f0fb-42c7-9a4d-cfaf3d19ca2a"
        time="1240262683382" x="388.0" y="211.0"/>
    <point id="3588de07-11b2-4431-ae03-8f56bf4ed177"
        time="1240262683398" x="389.0" y="211.0"/>
    <stroke id="2d112f10-7115-4d4a-8227-e77bf98d35bd" visible="true">
        <arg type="point">90bfded1-a578-4cae-95ad-a40e7235dac9</arg>
        <arg type="point">1537a86c-4f23-4514-9a5b-cd60463da31d</arg>
        <arg type="point">49604bbc-64d2-419c-94ac-300e6ff008c4</arg>
        <arg type="point">938377f7-dabe-4618-9b6b-3c43dcad7386</arg>
        <arg type="point">25475097-c337-4f0e-a21b-af344e8509ef</arg>
        <arg type="point">1a0cc5c7-1d04-4f8d-9908-149d5b4d859d</arg>
        <arg type="point">8d2c1fea-c94b-4241-af0a-afba9673ac82</arg>
        <arg type="point">fc0992ea-83b5-4229-b0f9-baf62af0b433</arg>
        <arg type="point">733ab765-b2d7-4281-8ba1-8241a9727372</arg>
        <arg type="point">fc8cf9fb-480f-44f7-8f2c-7603aa91053b</arg>
        <arg type="point">5154d409-990c-4495-b4a9-fd3c18355c2d</arg>
        <arg type="point">fdbec670-7f08-4f49-b7f1-076d28a9c4ae</arg>
        <arg type="point">b09b7176-a34c-45f9-b54a-da6c6b8cd77b</arg>
        <arg type="point">20366dc4-d05c-490f-bb96-27bc6ff89379</arg>
        <arg type="point">d96d8fb8-6f52-4ebe-814f-62cb6218dc78</arg>
        <arg type="point">fc5f5506-3441-4e11-9517-8eeed34c4535</arg>
    </stroke>
    <stroke id="4f85359a-67fd-42e1-8a00-1b1745e9154e" visible="true">
        <arg type="point">e1f9411f-3fd2-44b3-b53b-4f102578441d</arg>
        <arg type="point">e1676d7c-f18e-4dc2-89aa-cd33757b4b24</arg>
        <arg type="point">dd021f2e-5ef7-454d-a927-879148e0c1d0</arg>
        <arg type="point">7dea1753-4ed6-4bc2-a16e-2e0d40bce17b</arg>
        <arg type="point">aa685ab8-2d9b-40ee-8098-0afb7062068f</arg>
        <arg type="point">0dd4fbfc-c463-4e09-9a40-3d2b46197728</arg>
        <arg type="point">dace754a-c21c-4c7a-b8c5-fd393bd4dc5f</arg>
        <arg type="point">cae8212f-0f03-44c4-abf6-3b44628439df</arg>
        <arg type="point">5643ee16-8f0d-4d4c-8237-f3cf7184fa36</arg>
        <arg type="point">e33d50da-142f-4dc7-9bb1-4ad804f40bcc</arg>
        <arg type="point">d54bc0da-950e-4bb1-9b08-fe3bd5f6ed3b</arg>
        <arg type="point">33cebb57-9928-4834-880e-6206d84167d4</arg>
        <arg type="point">0c6b2a88-2fe8-43b2-8d1d-6e5273ed1a54</arg>
        <arg type="point">d3ec00ae-9a35-4b93-8653-1945a389563b</arg>
        <arg type="point">dc63beb6-476a-4b2f-ad5c-b5abff54b565</arg>
        <arg type="point">1284aaaf-90d6-4cf0-964f-33493c174177</arg>
        <arg type="point">575887d5-f0fb-42c7-9a4d-cfaf3d19ca2a</arg>
        <arg type="point">3588de07-11b2-4431-ae03-8f56bf4ed177</arg>
    </stroke>
</sketch>
