<?xml version="1.0" encoding="UTF-8"?>
<sketch id="cf12c2eb-a6f1-4f98-9f99-1579a2bd02e1" type="SRL">
    <point id="f9bd0de1-d3e4-46de-9f18-50ffd83dbc6b"
        time="1240266600949" x="644.0" y="315.0"/>
    <point id="56274eac-6926-46f3-8a05-3f1d66e9b051"
        time="1240266600983" x="644.0" y="320.0"/>
    <point id="1731af5f-1066-4d8e-807c-21b1ff141ef2"
        time="1240266600990" x="644.0" y="323.0"/>
    <point id="c8837fd1-0aa7-43b9-8a81-3ac73bb789a1"
        time="1240266600994" x="644.0" y="326.0"/>
    <point id="7a07ed37-feac-48d0-ab4b-25cbb0b151a1"
        time="1240266601002" x="643.0" y="329.0"/>
    <point id="2c0454b4-3fcc-40d1-ab4f-84599496615d"
        time="1240266601009" x="643.0" y="332.0"/>
    <point id="6ba4624d-1244-48ba-8795-8e6a41e892ac"
        time="1240266601018" x="643.0" y="336.0"/>
    <point id="d5ef053b-5af8-4495-b523-3f00a57385d8"
        time="1240266601023" x="644.0" y="339.0"/>
    <point id="43fa35a2-1529-4646-ba0c-dd3ddfca9803"
        time="1240266601034" x="644.0" y="341.0"/>
    <point id="5bcda63b-76ce-4f74-b521-bad0fd62df1d"
        time="1240266601037" x="644.0" y="344.0"/>
    <point id="facaf892-ef3c-4544-bfbd-4bb14858a75f"
        time="1240266601050" x="644.0" y="346.0"/>
    <point id="ae2ba55f-dfb5-4d55-9517-97ae3f354945"
        time="1240266601054" x="644.0" y="347.0"/>
    <point id="ed27d6e5-7251-4693-b75e-d674f898df4b"
        time="1240266601062" x="645.0" y="348.0"/>
    <point id="03e1db6c-6a0b-4efc-ab5a-381b1490137f"
        time="1240266601070" x="645.0" y="349.0"/>
    <point id="9219889c-e47b-4ccc-bc81-b8da8654597f"
        time="1240266601078" x="645.0" y="350.0"/>
    <point id="7c6968aa-c1b6-4a81-980d-6bee760312b2"
        time="1240266601094" x="644.0" y="350.0"/>
    <point id="7404632a-c9cd-498f-af7a-0e7ae34c8e30"
        time="1240266601102" x="643.0" y="349.0"/>
    <point id="8c3965ed-abd0-4187-91f5-eb270191376e"
        time="1240266601106" x="642.0" y="348.0"/>
    <point id="cc839f64-2975-4629-bfe1-d1f8dfd158f7"
        time="1240266601258" x="613.0" y="311.0"/>
    <point id="3472f9cf-8645-4e15-be6f-0df5b9c60399"
        time="1240266601290" x="619.0" y="309.0"/>
    <point id="1bbe8802-1ec0-4882-b765-ab95dd7ff0b5"
        time="1240266601293" x="621.0" y="307.0"/>
    <point id="14c03860-a5ef-4d8a-86e3-30ee4bdef38e"
        time="1240266601302" x="626.0" y="306.0"/>
    <point id="8ad01666-2f01-4df3-a75b-6dd6f503562e"
        time="1240266601310" x="630.0" y="304.0"/>
    <point id="8269b273-149d-45ac-8fcb-2785a804f2a9"
        time="1240266601318" x="636.0" y="302.0"/>
    <point id="d4cb2e7b-4dc8-484d-893e-1dbc30ac29ca"
        time="1240266601330" x="642.0" y="301.0"/>
    <point id="8803fce3-300c-416e-b412-92320c9bcc76"
        time="1240266601334" x="649.0" y="299.0"/>
    <point id="f2504531-530b-4d83-93c6-50dfee23eee8"
        time="1240266601338" x="657.0" y="298.0"/>
    <point id="1a43f354-c9ae-45ec-8827-c6e664ad277e"
        time="1240266601350" x="663.0" y="297.0"/>
    <point id="8f8743f6-8699-4981-86bc-c2bd8cb3a83d"
        time="1240266601358" x="670.0" y="297.0"/>
    <point id="eba774a8-92a6-405e-b832-8d666ac03246"
        time="1240266601362" x="675.0" y="297.0"/>
    <point id="41f13e7d-d0d4-47d5-a3fc-6855c86b09dd"
        time="1240266601370" x="680.0" y="297.0"/>
    <point id="1bbaa7a0-f334-4bbd-a56f-b8d33e55f1ed"
        time="1240266601378" x="683.0" y="298.0"/>
    <point id="eb3a9994-67df-4545-848e-470dc847bcab"
        time="1240266601386" x="685.0" y="300.0"/>
    <point id="e2f36f52-9697-42b0-8ba1-fc9c6cf661f7"
        time="1240266601394" x="687.0" y="301.0"/>
    <point id="5ff4f73b-8274-4600-a4dc-affd61b1d8d7"
        time="1240266601406" x="688.0" y="303.0"/>
    <stroke id="0f946fda-3197-429a-8fc8-860c6c668b30" visible="true">
        <arg type="point">f9bd0de1-d3e4-46de-9f18-50ffd83dbc6b</arg>
        <arg type="point">56274eac-6926-46f3-8a05-3f1d66e9b051</arg>
        <arg type="point">1731af5f-1066-4d8e-807c-21b1ff141ef2</arg>
        <arg type="point">c8837fd1-0aa7-43b9-8a81-3ac73bb789a1</arg>
        <arg type="point">7a07ed37-feac-48d0-ab4b-25cbb0b151a1</arg>
        <arg type="point">2c0454b4-3fcc-40d1-ab4f-84599496615d</arg>
        <arg type="point">6ba4624d-1244-48ba-8795-8e6a41e892ac</arg>
        <arg type="point">d5ef053b-5af8-4495-b523-3f00a57385d8</arg>
        <arg type="point">43fa35a2-1529-4646-ba0c-dd3ddfca9803</arg>
        <arg type="point">5bcda63b-76ce-4f74-b521-bad0fd62df1d</arg>
        <arg type="point">facaf892-ef3c-4544-bfbd-4bb14858a75f</arg>
        <arg type="point">ae2ba55f-dfb5-4d55-9517-97ae3f354945</arg>
        <arg type="point">ed27d6e5-7251-4693-b75e-d674f898df4b</arg>
        <arg type="point">03e1db6c-6a0b-4efc-ab5a-381b1490137f</arg>
        <arg type="point">9219889c-e47b-4ccc-bc81-b8da8654597f</arg>
        <arg type="point">7c6968aa-c1b6-4a81-980d-6bee760312b2</arg>
        <arg type="point">7404632a-c9cd-498f-af7a-0e7ae34c8e30</arg>
        <arg type="point">8c3965ed-abd0-4187-91f5-eb270191376e</arg>
    </stroke>
    <stroke id="a957c117-2ae2-4606-8859-0857d865e677" visible="true">
        <arg type="point">cc839f64-2975-4629-bfe1-d1f8dfd158f7</arg>
        <arg type="point">3472f9cf-8645-4e15-be6f-0df5b9c60399</arg>
        <arg type="point">1bbe8802-1ec0-4882-b765-ab95dd7ff0b5</arg>
        <arg type="point">14c03860-a5ef-4d8a-86e3-30ee4bdef38e</arg>
        <arg type="point">8ad01666-2f01-4df3-a75b-6dd6f503562e</arg>
        <arg type="point">8269b273-149d-45ac-8fcb-2785a804f2a9</arg>
        <arg type="point">d4cb2e7b-4dc8-484d-893e-1dbc30ac29ca</arg>
        <arg type="point">8803fce3-300c-416e-b412-92320c9bcc76</arg>
        <arg type="point">f2504531-530b-4d83-93c6-50dfee23eee8</arg>
        <arg type="point">1a43f354-c9ae-45ec-8827-c6e664ad277e</arg>
        <arg type="point">8f8743f6-8699-4981-86bc-c2bd8cb3a83d</arg>
        <arg type="point">eba774a8-92a6-405e-b832-8d666ac03246</arg>
        <arg type="point">41f13e7d-d0d4-47d5-a3fc-6855c86b09dd</arg>
        <arg type="point">1bbaa7a0-f334-4bbd-a56f-b8d33e55f1ed</arg>
        <arg type="point">eb3a9994-67df-4545-848e-470dc847bcab</arg>
        <arg type="point">e2f36f52-9697-42b0-8ba1-fc9c6cf661f7</arg>
        <arg type="point">5ff4f73b-8274-4600-a4dc-affd61b1d8d7</arg>
    </stroke>
</sketch>
