<?xml version="1.0" encoding="UTF-8"?>
<sketch id="a628d853-72e2-437b-a351-b67c8b5b99da" type="SRL">
    <point id="c38bb875-22be-4567-807e-bfa7538fbde3"
        time="1240266780234" x="127.0" y="143.0"/>
    <point id="c0870ce1-054a-4286-8eb0-49b523b20fda"
        time="1240266780294" x="127.0" y="148.0"/>
    <point id="10db94d3-13d2-4fb3-a640-02ef4523034c"
        time="1240266780302" x="127.0" y="150.0"/>
    <point id="6ccc4eae-7c22-4440-adfd-1bb738e2cc07"
        time="1240266780310" x="127.0" y="152.0"/>
    <point id="6bcdf28e-a2ff-4b44-b312-9a668b500c5a"
        time="1240266780318" x="127.0" y="154.0"/>
    <point id="2f076856-9a88-47cf-9c4a-a9de2457347e"
        time="1240266780326" x="127.0" y="156.0"/>
    <point id="0c7d3faf-87c7-414a-ade8-3f5656c5673f"
        time="1240266780334" x="127.0" y="157.0"/>
    <point id="8d31beb5-87ed-4ebc-9cd4-b43424ce85ea"
        time="1240266780338" x="127.0" y="159.0"/>
    <point id="22c5e236-4319-4a8d-8473-fdefcad16d41"
        time="1240266780346" x="127.0" y="160.0"/>
    <point id="b6c201c2-51f1-424d-a346-7924678b0fed"
        time="1240266780354" x="127.0" y="161.0"/>
    <point id="ee5f26f2-df00-4cca-806c-13ef2756bf93"
        time="1240266780378" x="126.0" y="161.0"/>
    <point id="61b1b729-622e-48a5-8685-2dff2cf1f047"
        time="1240266780390" x="125.0" y="161.0"/>
    <point id="38c51f47-efb9-496d-888f-aecb9854921b"
        time="1240266780406" x="124.0" y="160.0"/>
    <point id="b3d5a53b-0d62-4cf6-a494-9cdcd349c4fb"
        time="1240266780517" x="109.0" y="139.0"/>
    <point id="e0efda2d-5aa9-4383-9b38-1bf7ea8f316d"
        time="1240266780574" x="113.0" y="139.0"/>
    <point id="92822df4-968e-43ee-882e-43a157a3e24d"
        time="1240266780577" x="116.0" y="139.0"/>
    <point id="8301663f-c22d-41be-a721-17dcbc960b22"
        time="1240266780586" x="120.0" y="138.0"/>
    <point id="d6f46d50-b0a4-44f6-9cb6-2423ed684724"
        time="1240266780593" x="124.0" y="137.0"/>
    <point id="80911830-9544-4667-9492-b7c14c93490a"
        time="1240266780605" x="128.0" y="137.0"/>
    <point id="1ac6f07c-338f-42fe-ac6f-ddb1da54e13c"
        time="1240266780609" x="133.0" y="136.0"/>
    <point id="76f973e3-ea8b-4b72-a50b-42d32ef3e130"
        time="1240266780618" x="137.0" y="136.0"/>
    <point id="3e8e5195-7435-4db7-876e-51d6e52e8a02"
        time="1240266780626" x="141.0" y="135.0"/>
    <point id="30866712-0762-4bb3-9887-dd6eddd3d44f"
        time="1240266780634" x="144.0" y="135.0"/>
    <point id="49092013-bf06-4a07-aa62-3f2536a3da8e"
        time="1240266780642" x="146.0" y="136.0"/>
    <point id="d2f8ed3d-dd28-4ab9-8e56-cd60e8aa1f1a"
        time="1240266780646" x="148.0" y="136.0"/>
    <point id="ae27c7c4-4737-4049-a710-b85e30b6970a"
        time="1240266780654" x="149.0" y="137.0"/>
    <stroke id="ec6d9447-c9e2-410c-97c8-a4aed72053fd" visible="true">
        <arg type="point">c38bb875-22be-4567-807e-bfa7538fbde3</arg>
        <arg type="point">c0870ce1-054a-4286-8eb0-49b523b20fda</arg>
        <arg type="point">10db94d3-13d2-4fb3-a640-02ef4523034c</arg>
        <arg type="point">6ccc4eae-7c22-4440-adfd-1bb738e2cc07</arg>
        <arg type="point">6bcdf28e-a2ff-4b44-b312-9a668b500c5a</arg>
        <arg type="point">2f076856-9a88-47cf-9c4a-a9de2457347e</arg>
        <arg type="point">0c7d3faf-87c7-414a-ade8-3f5656c5673f</arg>
        <arg type="point">8d31beb5-87ed-4ebc-9cd4-b43424ce85ea</arg>
        <arg type="point">22c5e236-4319-4a8d-8473-fdefcad16d41</arg>
        <arg type="point">b6c201c2-51f1-424d-a346-7924678b0fed</arg>
        <arg type="point">ee5f26f2-df00-4cca-806c-13ef2756bf93</arg>
        <arg type="point">61b1b729-622e-48a5-8685-2dff2cf1f047</arg>
        <arg type="point">38c51f47-efb9-496d-888f-aecb9854921b</arg>
    </stroke>
    <stroke id="dc6aa5f5-c0f5-4e8c-91c1-8a1a7e2d4b08" visible="true">
        <arg type="point">b3d5a53b-0d62-4cf6-a494-9cdcd349c4fb</arg>
        <arg type="point">e0efda2d-5aa9-4383-9b38-1bf7ea8f316d</arg>
        <arg type="point">92822df4-968e-43ee-882e-43a157a3e24d</arg>
        <arg type="point">8301663f-c22d-41be-a721-17dcbc960b22</arg>
        <arg type="point">d6f46d50-b0a4-44f6-9cb6-2423ed684724</arg>
        <arg type="point">80911830-9544-4667-9492-b7c14c93490a</arg>
        <arg type="point">1ac6f07c-338f-42fe-ac6f-ddb1da54e13c</arg>
        <arg type="point">76f973e3-ea8b-4b72-a50b-42d32ef3e130</arg>
        <arg type="point">3e8e5195-7435-4db7-876e-51d6e52e8a02</arg>
        <arg type="point">30866712-0762-4bb3-9887-dd6eddd3d44f</arg>
        <arg type="point">49092013-bf06-4a07-aa62-3f2536a3da8e</arg>
        <arg type="point">d2f8ed3d-dd28-4ab9-8e56-cd60e8aa1f1a</arg>
        <arg type="point">ae27c7c4-4737-4049-a710-b85e30b6970a</arg>
    </stroke>
</sketch>
