<?xml version="1.0" encoding="UTF-8"?>
<sketch id="be57564d-23f7-4f44-b5ec-2fc08e6fb990" type="SRL">
    <point id="0057ac15-1b68-48d9-8976-77145a938bb2"
        time="1240266791809" x="627.0" y="345.0"/>
    <point id="7e9bd340-f9fd-4243-9cc4-87d40c6ef8f4"
        time="1240266791922" x="629.0" y="350.0"/>
    <point id="bba947d9-46ab-4cb5-9107-c813f157a043"
        time="1240266791929" x="629.0" y="351.0"/>
    <point id="7bfff79b-f599-47b0-8562-2aa77b5d802d"
        time="1240266791939" x="629.0" y="353.0"/>
    <point id="807e7d7a-5dd5-4a8c-99b0-3bbc99c66d51"
        time="1240266791947" x="629.0" y="354.0"/>
    <point id="512c980f-c60e-4143-a7db-408d4d07f750"
        time="1240266791956" x="629.0" y="355.0"/>
    <point id="6724bf3d-8628-4738-bf52-abd3d06eeab4"
        time="1240266791959" x="629.0" y="356.0"/>
    <point id="02105163-a3af-40ba-8c03-a27ae5022c4d"
        time="1240266791970" x="628.0" y="357.0"/>
    <point id="120e4b19-6565-4577-9a1d-b0a066043100"
        time="1240266791990" x="628.0" y="358.0"/>
    <point id="197ac1f8-6c0b-4755-8a6f-6745c2744eac"
        time="1240266791999" x="627.0" y="357.0"/>
    <point id="df0d6f45-98a0-472e-877e-0b64559b92ee"
        time="1240266792145" x="612.0" y="335.0"/>
    <point id="1ffef112-512d-45f3-b5b6-285916cefe73"
        time="1240266792186" x="616.0" y="336.0"/>
    <point id="dbd40fa8-4a1d-42fb-b068-0063f5346aff"
        time="1240266792194" x="619.0" y="336.0"/>
    <point id="97e28ff1-7756-4057-b84a-37ed9d8df1a3"
        time="1240266792202" x="621.0" y="336.0"/>
    <point id="c172cf46-591c-4e0d-8d58-ce7832e0025f"
        time="1240266792207" x="624.0" y="336.0"/>
    <point id="8509a9af-c114-44ae-85e7-e40f9574bcd4"
        time="1240266792214" x="628.0" y="336.0"/>
    <point id="3aa68c41-d12e-4f77-8fa4-31f3da32697c"
        time="1240266792226" x="631.0" y="335.0"/>
    <point id="d17290d3-c709-407d-82bc-16b2792d1b5b"
        time="1240266792230" x="635.0" y="335.0"/>
    <point id="6a60e140-ab24-40f5-a812-e427d5a21785"
        time="1240266792238" x="638.0" y="334.0"/>
    <point id="45f45e52-d369-4deb-b96d-64a19fb3df5a"
        time="1240266792246" x="640.0" y="334.0"/>
    <point id="c9b54113-8edc-41a2-9ad8-bd0568b34b4a"
        time="1240266792254" x="643.0" y="334.0"/>
    <point id="113cdbb3-385d-401b-ad2e-244aa3b6bbe3"
        time="1240266792262" x="645.0" y="334.0"/>
    <point id="30823d01-a7e9-46ff-a33b-0d44175e66f1"
        time="1240266792270" x="646.0" y="335.0"/>
    <point id="3cf6aaf8-4a65-4da9-8c4b-d790bb2a3c65"
        time="1240266792274" x="647.0" y="335.0"/>
    <stroke id="e8ec7ea4-5933-4de1-bc4d-2c094c03489e" visible="true">
        <arg type="point">0057ac15-1b68-48d9-8976-77145a938bb2</arg>
        <arg type="point">7e9bd340-f9fd-4243-9cc4-87d40c6ef8f4</arg>
        <arg type="point">bba947d9-46ab-4cb5-9107-c813f157a043</arg>
        <arg type="point">7bfff79b-f599-47b0-8562-2aa77b5d802d</arg>
        <arg type="point">807e7d7a-5dd5-4a8c-99b0-3bbc99c66d51</arg>
        <arg type="point">512c980f-c60e-4143-a7db-408d4d07f750</arg>
        <arg type="point">6724bf3d-8628-4738-bf52-abd3d06eeab4</arg>
        <arg type="point">02105163-a3af-40ba-8c03-a27ae5022c4d</arg>
        <arg type="point">120e4b19-6565-4577-9a1d-b0a066043100</arg>
        <arg type="point">197ac1f8-6c0b-4755-8a6f-6745c2744eac</arg>
    </stroke>
    <stroke id="c0497030-bfd6-4ba8-a1be-887bf8e41d41" visible="true">
        <arg type="point">df0d6f45-98a0-472e-877e-0b64559b92ee</arg>
        <arg type="point">1ffef112-512d-45f3-b5b6-285916cefe73</arg>
        <arg type="point">dbd40fa8-4a1d-42fb-b068-0063f5346aff</arg>
        <arg type="point">97e28ff1-7756-4057-b84a-37ed9d8df1a3</arg>
        <arg type="point">c172cf46-591c-4e0d-8d58-ce7832e0025f</arg>
        <arg type="point">8509a9af-c114-44ae-85e7-e40f9574bcd4</arg>
        <arg type="point">3aa68c41-d12e-4f77-8fa4-31f3da32697c</arg>
        <arg type="point">d17290d3-c709-407d-82bc-16b2792d1b5b</arg>
        <arg type="point">6a60e140-ab24-40f5-a812-e427d5a21785</arg>
        <arg type="point">45f45e52-d369-4deb-b96d-64a19fb3df5a</arg>
        <arg type="point">c9b54113-8edc-41a2-9ad8-bd0568b34b4a</arg>
        <arg type="point">113cdbb3-385d-401b-ad2e-244aa3b6bbe3</arg>
        <arg type="point">30823d01-a7e9-46ff-a33b-0d44175e66f1</arg>
        <arg type="point">3cf6aaf8-4a65-4da9-8c4b-d790bb2a3c65</arg>
    </stroke>
</sketch>
