<?xml version="1.0" encoding="UTF-8"?>
<sketch id="1717e2f3-4bd8-4b1e-9b80-de11eaf85aeb" type="SRL">
    <point id="c22f9cd2-c58b-489c-9627-41fe18136bff"
        time="1240266808829" x="634.0" y="351.0"/>
    <point id="75b5edbc-bc94-4db5-bd3e-c8aa202882dc"
        time="1240266808890" x="638.0" y="354.0"/>
    <point id="060bd67c-08cd-426e-9f0b-a7c6f524a044"
        time="1240266808898" x="638.0" y="355.0"/>
    <point id="c951f227-b390-42a8-ae9e-b22a70d11296"
        time="1240266808908" x="638.0" y="357.0"/>
    <point id="e3f8a3f8-e746-4d29-b4c5-7488330f24a1"
        time="1240266808914" x="638.0" y="359.0"/>
    <point id="16c36b55-c06d-46ee-babb-c4608dcb3e24"
        time="1240266808918" x="639.0" y="361.0"/>
    <point id="1f9add25-750b-4b25-812d-e7c7502396ae"
        time="1240266808926" x="639.0" y="363.0"/>
    <point id="859f59c6-c1ec-4755-9d7a-3d65dcc84d9e"
        time="1240266808934" x="639.0" y="364.0"/>
    <point id="db8e640e-aaf1-4a1f-890c-1c6a9ba76259"
        time="1240266808943" x="639.0" y="365.0"/>
    <point id="69c539e9-aafc-41c0-ac45-23b2d0f15e66"
        time="1240266808950" x="639.0" y="366.0"/>
    <point id="c187a3c3-7ec3-4003-b50d-a356a4869ee2"
        time="1240266808986" x="639.0" y="365.0"/>
    <point id="d3dd5f07-3c24-4c6d-8dbc-e4e2d717e9e1"
        time="1240266808993" x="639.0" y="364.0"/>
    <point id="11c53026-391b-40c3-ab22-1cc8432ff9e3"
        time="1240266809002" x="638.0" y="362.0"/>
    <point id="0bd3affc-fef1-4698-98b4-0a39fe3e9515"
        time="1240266809010" x="638.0" y="360.0"/>
    <point id="94c7608a-81b5-4397-80e7-fdff71b8868a"
        time="1240266809118" x="621.0" y="341.0"/>
    <point id="76623892-1055-44c5-9e41-490f0b7188f5"
        time="1240266809154" x="625.0" y="341.0"/>
    <point id="f7827c14-4322-42cd-86f3-dd86f79563bf"
        time="1240266809158" x="627.0" y="341.0"/>
    <point id="365e41fd-763a-498e-9108-fe2f6483dea8"
        time="1240266809170" x="631.0" y="341.0"/>
    <point id="2ef0608d-ceb4-4ae6-a936-1ae7ef510bc6"
        time="1240266809174" x="634.0" y="340.0"/>
    <point id="b07fb752-ac59-416c-a88c-98557ce22005"
        time="1240266809182" x="639.0" y="340.0"/>
    <point id="7f4ccbed-9667-420c-85df-f804195d571a"
        time="1240266809190" x="643.0" y="340.0"/>
    <point id="69e448cb-6bc6-4809-83a8-5a018edd6bf3"
        time="1240266809198" x="648.0" y="340.0"/>
    <point id="c5c88d09-b7e7-48da-b415-e4cc1f62c7f9"
        time="1240266809206" x="652.0" y="340.0"/>
    <point id="10afa421-2518-4f3d-aec7-51b2de229b4a"
        time="1240266809215" x="656.0" y="340.0"/>
    <point id="e0bd7eb4-3535-48cc-b653-4b4e71c0cb07"
        time="1240266809223" x="659.0" y="340.0"/>
    <point id="412903cf-995f-46ec-87c4-b95d97532d06"
        time="1240266809227" x="662.0" y="340.0"/>
    <point id="477f915e-2b1c-47fe-ad26-140c1f1e50dc"
        time="1240266809238" x="663.0" y="340.0"/>
    <point id="740cc49d-4d32-4900-bd3d-39c28da0b5ae"
        time="1240266809242" x="664.0" y="340.0"/>
    <point id="b7cfe2d8-71ff-426c-b221-49ccef5ba288"
        time="1240266809250" x="665.0" y="341.0"/>
    <stroke id="a0b3eb22-8406-49ef-8571-e2b61236b5d3" visible="true">
        <arg type="point">c22f9cd2-c58b-489c-9627-41fe18136bff</arg>
        <arg type="point">75b5edbc-bc94-4db5-bd3e-c8aa202882dc</arg>
        <arg type="point">060bd67c-08cd-426e-9f0b-a7c6f524a044</arg>
        <arg type="point">c951f227-b390-42a8-ae9e-b22a70d11296</arg>
        <arg type="point">e3f8a3f8-e746-4d29-b4c5-7488330f24a1</arg>
        <arg type="point">16c36b55-c06d-46ee-babb-c4608dcb3e24</arg>
        <arg type="point">1f9add25-750b-4b25-812d-e7c7502396ae</arg>
        <arg type="point">859f59c6-c1ec-4755-9d7a-3d65dcc84d9e</arg>
        <arg type="point">db8e640e-aaf1-4a1f-890c-1c6a9ba76259</arg>
        <arg type="point">69c539e9-aafc-41c0-ac45-23b2d0f15e66</arg>
        <arg type="point">c187a3c3-7ec3-4003-b50d-a356a4869ee2</arg>
        <arg type="point">d3dd5f07-3c24-4c6d-8dbc-e4e2d717e9e1</arg>
        <arg type="point">11c53026-391b-40c3-ab22-1cc8432ff9e3</arg>
        <arg type="point">0bd3affc-fef1-4698-98b4-0a39fe3e9515</arg>
    </stroke>
    <stroke id="1dcf4b54-b54e-4e90-a11f-dce6fd83db45" visible="true">
        <arg type="point">94c7608a-81b5-4397-80e7-fdff71b8868a</arg>
        <arg type="point">76623892-1055-44c5-9e41-490f0b7188f5</arg>
        <arg type="point">f7827c14-4322-42cd-86f3-dd86f79563bf</arg>
        <arg type="point">365e41fd-763a-498e-9108-fe2f6483dea8</arg>
        <arg type="point">2ef0608d-ceb4-4ae6-a936-1ae7ef510bc6</arg>
        <arg type="point">b07fb752-ac59-416c-a88c-98557ce22005</arg>
        <arg type="point">7f4ccbed-9667-420c-85df-f804195d571a</arg>
        <arg type="point">69e448cb-6bc6-4809-83a8-5a018edd6bf3</arg>
        <arg type="point">c5c88d09-b7e7-48da-b415-e4cc1f62c7f9</arg>
        <arg type="point">10afa421-2518-4f3d-aec7-51b2de229b4a</arg>
        <arg type="point">e0bd7eb4-3535-48cc-b653-4b4e71c0cb07</arg>
        <arg type="point">412903cf-995f-46ec-87c4-b95d97532d06</arg>
        <arg type="point">477f915e-2b1c-47fe-ad26-140c1f1e50dc</arg>
        <arg type="point">740cc49d-4d32-4900-bd3d-39c28da0b5ae</arg>
        <arg type="point">b7cfe2d8-71ff-426c-b221-49ccef5ba288</arg>
    </stroke>
</sketch>
