<?xml version="1.0" encoding="UTF-8"?>
<sketch id="f1b48088-eb1e-424c-846a-245753bc350c" type="SRL">
    <point id="9fddf286-93c3-4a77-ad1b-d2662fb8b244"
        time="1240259294158" x="438.0" y="283.0"/>
    <point id="20df4119-0030-4cf3-82c0-0fdeb4be6cd3"
        time="1240259294181" x="438.0" y="281.0"/>
    <point id="049b88d4-4974-471f-b011-63a0eca524c0"
        time="1240259294223" x="434.0" y="275.0"/>
    <point id="ddb18183-1e22-4329-9dc5-e5653727ca3d"
        time="1240259294245" x="430.0" y="272.0"/>
    <point id="8cc458c6-7d4f-43d4-bbb1-2360d2cb68d6"
        time="1240259294267" x="422.0" y="272.0"/>
    <point id="7b708d61-07ab-4823-8522-f033e3511aa4"
        time="1240259294288" x="403.0" y="279.0"/>
    <point id="10d63ecb-0acc-4bd3-9c82-4bf9b0a3d3ec"
        time="1240259294308" x="391.0" y="287.0"/>
    <point id="ebe40c14-78c3-4753-823e-28e4b0c43f7b"
        time="1240259294329" x="375.0" y="303.0"/>
    <point id="3011a18b-987b-4acd-a599-d152e557c9cd"
        time="1240259294350" x="366.0" y="320.0"/>
    <point id="c0d52f48-cc9c-49cf-b412-0ce2021f1f66"
        time="1240259294371" x="369.0" y="338.0"/>
    <point id="fcb95417-4b9e-4322-b892-187a56db9175"
        time="1240259294392" x="379.0" y="347.0"/>
    <point id="bcc16b9e-d348-4cdb-8b25-d65c26db492e"
        time="1240259294414" x="388.0" y="351.0"/>
    <point id="6a2ad72d-3b92-446a-aab1-bd3992594b01"
        time="1240259294435" x="403.0" y="352.0"/>
    <point id="8a2cb6a5-d1c2-4aba-8846-fc559b175470"
        time="1240259294457" x="423.0" y="348.0"/>
    <point id="362ddae9-ade5-4d89-9f47-f83e8c31906f"
        time="1240259294478" x="435.0" y="338.0"/>
    <point id="3e6c70fc-7cfd-47f3-8326-f29e201b868a"
        time="1240259294501" x="446.0" y="323.0"/>
    <point id="a68b6f7f-7037-4a6a-8a70-056a49250bd0"
        time="1240259294522" x="450.0" y="309.0"/>
    <point id="313003b7-2725-486f-9860-494f184c91bd"
        time="1240259294542" x="447.0" y="297.0"/>
    <point id="a8dfbeb2-907d-4156-82bb-03a389d9e5d5"
        time="1240259294563" x="440.0" y="287.0"/>
    <point id="86ebd8da-2765-43db-8167-e8330eeafbab"
        time="1240259294584" x="433.0" y="280.0"/>
    <point id="e31d8032-25fb-4d4f-b87e-d1da64d47091"
        time="1240259294604" x="428.0" y="276.0"/>
    <point id="21c7d9fa-b2f6-4d2c-bb57-d48da40c3f6b"
        time="1240259294625" x="426.0" y="275.0"/>
    <point id="72849ce7-e3af-4bc7-b2ee-4c1a15a76081"
        time="1240259294646" x="427.0" y="276.0"/>
    <stroke id="0f6759c6-18a1-4dac-b55a-9d37b8558974" visible="true">
        <arg type="point">9fddf286-93c3-4a77-ad1b-d2662fb8b244</arg>
        <arg type="point">20df4119-0030-4cf3-82c0-0fdeb4be6cd3</arg>
        <arg type="point">049b88d4-4974-471f-b011-63a0eca524c0</arg>
        <arg type="point">ddb18183-1e22-4329-9dc5-e5653727ca3d</arg>
        <arg type="point">8cc458c6-7d4f-43d4-bbb1-2360d2cb68d6</arg>
        <arg type="point">7b708d61-07ab-4823-8522-f033e3511aa4</arg>
        <arg type="point">10d63ecb-0acc-4bd3-9c82-4bf9b0a3d3ec</arg>
        <arg type="point">ebe40c14-78c3-4753-823e-28e4b0c43f7b</arg>
        <arg type="point">3011a18b-987b-4acd-a599-d152e557c9cd</arg>
        <arg type="point">c0d52f48-cc9c-49cf-b412-0ce2021f1f66</arg>
        <arg type="point">fcb95417-4b9e-4322-b892-187a56db9175</arg>
        <arg type="point">bcc16b9e-d348-4cdb-8b25-d65c26db492e</arg>
        <arg type="point">6a2ad72d-3b92-446a-aab1-bd3992594b01</arg>
        <arg type="point">8a2cb6a5-d1c2-4aba-8846-fc559b175470</arg>
        <arg type="point">362ddae9-ade5-4d89-9f47-f83e8c31906f</arg>
        <arg type="point">3e6c70fc-7cfd-47f3-8326-f29e201b868a</arg>
        <arg type="point">a68b6f7f-7037-4a6a-8a70-056a49250bd0</arg>
        <arg type="point">313003b7-2725-486f-9860-494f184c91bd</arg>
        <arg type="point">a8dfbeb2-907d-4156-82bb-03a389d9e5d5</arg>
        <arg type="point">86ebd8da-2765-43db-8167-e8330eeafbab</arg>
        <arg type="point">e31d8032-25fb-4d4f-b87e-d1da64d47091</arg>
        <arg type="point">21c7d9fa-b2f6-4d2c-bb57-d48da40c3f6b</arg>
        <arg type="point">72849ce7-e3af-4bc7-b2ee-4c1a15a76081</arg>
    </stroke>
</sketch>
