<?xml version="1.0" encoding="UTF-8"?>
<sketch id="b2d0cfdd-e03f-4315-ae09-94c78720b61e" type="SRL">
    <point id="80a2c6ac-0063-4456-87c6-ca8a89e4d266"
        time="1240260599205" x="418.0" y="185.0"/>
    <point id="26875823-b97c-4744-9370-698c6ccc50c3"
        time="1240260599225" x="414.0" y="190.0"/>
    <point id="88167d59-6ee1-4f54-b94c-d05bd570a4d2"
        time="1240260599267" x="407.0" y="212.0"/>
    <point id="e8c0f798-72d5-4187-b3cc-9d14c2970b59"
        time="1240260599287" x="408.0" y="229.0"/>
    <point id="ddd705bc-cb96-4ad6-a2a3-f7d123b58625"
        time="1240260599308" x="414.0" y="244.0"/>
    <point id="2ef3c93a-2e47-4eb6-941a-c9bc62bf909c"
        time="1240260599328" x="428.0" y="252.0"/>
    <point id="5a5c8d7c-1aba-4533-897d-5f914da40199"
        time="1240260599348" x="445.0" y="253.0"/>
    <point id="85f1e847-db7f-4e37-a7e8-18ffb64c1df0"
        time="1240260599369" x="462.0" y="249.0"/>
    <point id="af4e534f-9686-4963-b155-da039cefa3c5"
        time="1240260599389" x="472.0" y="241.0"/>
    <point id="560acd3b-3836-4a2b-a1cb-cc0eda665bc0"
        time="1240260599409" x="477.0" y="229.0"/>
    <point id="f770694c-5549-427a-87d9-db306ae8a037"
        time="1240260599430" x="477.0" y="211.0"/>
    <point id="d5fcd69b-bec9-46af-a754-e66de94588c3"
        time="1240260599450" x="474.0" y="197.0"/>
    <point id="7ec66ef2-67ab-4f45-8c1a-20b65d7b168f"
        time="1240260599470" x="463.0" y="168.0"/>
    <point id="88b8a445-735f-418e-a49e-d5b924ede00b"
        time="1240260599491" x="452.0" y="157.0"/>
    <point id="6fc0240d-ecec-4331-9ed4-b04cacd522e0"
        time="1240260599511" x="439.0" y="155.0"/>
    <point id="22697eaa-fc4f-4025-b190-7a764f9d7211"
        time="1240260599531" x="426.0" y="160.0"/>
    <point id="e5b01cb8-d2e7-49d0-a27e-8af9b2731856"
        time="1240260599552" x="417.0" y="168.0"/>
    <point id="50802699-40f4-4020-9d22-4bf9089f4134"
        time="1240260599572" x="407.0" y="185.0"/>
    <point id="cf7b7497-8ef7-4c78-943e-68fbfa6ce7e0"
        time="1240260599593" x="405.0" y="191.0"/>
    <stroke id="7bba56d4-5cc0-4c69-97bc-8378d084bb5f" visible="true">
        <arg type="point">80a2c6ac-0063-4456-87c6-ca8a89e4d266</arg>
        <arg type="point">26875823-b97c-4744-9370-698c6ccc50c3</arg>
        <arg type="point">88167d59-6ee1-4f54-b94c-d05bd570a4d2</arg>
        <arg type="point">e8c0f798-72d5-4187-b3cc-9d14c2970b59</arg>
        <arg type="point">ddd705bc-cb96-4ad6-a2a3-f7d123b58625</arg>
        <arg type="point">2ef3c93a-2e47-4eb6-941a-c9bc62bf909c</arg>
        <arg type="point">5a5c8d7c-1aba-4533-897d-5f914da40199</arg>
        <arg type="point">85f1e847-db7f-4e37-a7e8-18ffb64c1df0</arg>
        <arg type="point">af4e534f-9686-4963-b155-da039cefa3c5</arg>
        <arg type="point">560acd3b-3836-4a2b-a1cb-cc0eda665bc0</arg>
        <arg type="point">f770694c-5549-427a-87d9-db306ae8a037</arg>
        <arg type="point">d5fcd69b-bec9-46af-a754-e66de94588c3</arg>
        <arg type="point">7ec66ef2-67ab-4f45-8c1a-20b65d7b168f</arg>
        <arg type="point">88b8a445-735f-418e-a49e-d5b924ede00b</arg>
        <arg type="point">6fc0240d-ecec-4331-9ed4-b04cacd522e0</arg>
        <arg type="point">22697eaa-fc4f-4025-b190-7a764f9d7211</arg>
        <arg type="point">e5b01cb8-d2e7-49d0-a27e-8af9b2731856</arg>
        <arg type="point">50802699-40f4-4020-9d22-4bf9089f4134</arg>
        <arg type="point">cf7b7497-8ef7-4c78-943e-68fbfa6ce7e0</arg>
    </stroke>
</sketch>
