<?xml version="1.0" encoding="UTF-8"?>
<sketch id="86c853ec-8e0c-4f12-ad9d-d031aaf6108f" type="SRL">
    <point id="f64274a8-98dd-4ff6-a107-36c38375d0a7"
        time="1240260744493" x="437.0" y="185.0"/>
    <point id="6aaf3125-c91d-40f6-a1ac-7c4a3ac6c7c9"
        time="1240260744513" x="437.0" y="188.0"/>
    <point id="bd90d7ff-3994-4119-a827-2c4bd126abf1"
        time="1240260744555" x="438.0" y="193.0"/>
    <point id="17b3a135-f5bc-4599-920c-67b506683a86"
        time="1240260744575" x="440.0" y="204.0"/>
    <point id="07e9acc7-e807-4405-91f9-ae7c78c51dd9"
        time="1240260744598" x="445.0" y="226.0"/>
    <point id="0cc3c706-3a3a-4c8c-9632-5f4ecea963f0"
        time="1240260744618" x="449.0" y="243.0"/>
    <point id="60ca099a-98da-4e28-b584-01e627f6e4f9"
        time="1240260744638" x="453.0" y="257.0"/>
    <point id="cf36e425-f603-47f4-a1eb-a14cd2fbab11"
        time="1240260744659" x="456.0" y="264.0"/>
    <point id="faa39a9e-22ca-4d14-92d9-0eada8a993b9"
        time="1240260744679" x="463.0" y="270.0"/>
    <point id="314ffb8d-152d-4ed6-b1f5-7d0bb25ad7d6"
        time="1240260744699" x="476.0" y="273.0"/>
    <point id="4df926c2-8228-4fa3-8286-7853f6fb19d6"
        time="1240260744720" x="490.0" y="273.0"/>
    <point id="5224d069-c1c1-49cc-b707-d0615790eb6b"
        time="1240260744740" x="507.0" y="268.0"/>
    <point id="2e78fe02-022e-4779-bd59-6f780da28a02"
        time="1240260744760" x="513.0" y="262.0"/>
    <point id="c7f56099-22da-488e-bedf-b10085ac22f2"
        time="1240260744781" x="512.0" y="256.0"/>
    <point id="03d78192-177a-4e24-a6e7-ac0296c038f0"
        time="1240260744801" x="511.0" y="253.0"/>
    <point id="47e0acce-2f29-480b-a98b-7f1287276bec"
        time="1240260744922" x="438.0" y="209.0"/>
    <point id="03505b2f-6fab-4b32-bb5f-d4a8f702df88"
        time="1240260744943" x="437.0" y="202.0"/>
    <point id="5d6f45a7-b8ca-4f74-aa64-4f237707cafc"
        time="1240260744965" x="441.0" y="197.0"/>
    <point id="a2c2f956-1982-4745-a811-1034c5d90c9f"
        time="1240260744985" x="446.0" y="193.0"/>
    <point id="77d89960-576f-425d-a137-74ae55d3666e"
        time="1240260745006" x="455.0" y="188.0"/>
    <point id="f4b643ed-67e6-4d06-97b4-bff52317ac6a"
        time="1240260745026" x="466.0" y="184.0"/>
    <point id="a7e5dbcc-deb1-4868-92ff-122e8b6e962f"
        time="1240260745046" x="477.0" y="180.0"/>
    <point id="30c1e780-a284-461e-b700-880d33e80f25"
        time="1240260745208" x="446.0" y="230.0"/>
    <point id="b6617890-2f4a-49f4-a091-ebef7f717087"
        time="1240260745228" x="447.0" y="235.0"/>
    <point id="2d8f3474-8667-4f86-8d06-f3d6c7bb3ed1"
        time="1240260745251" x="456.0" y="233.0"/>
    <point id="7fbc0bad-b481-4d4e-b213-a5eab524e61c"
        time="1240260745271" x="470.0" y="230.0"/>
    <point id="d67d9f08-139e-4777-890d-f2cc5e9dcf31"
        time="1240260745292" x="479.0" y="228.0"/>
    <stroke id="98b526e4-876d-44d0-9555-185a9fcdb714" visible="true">
        <arg type="point">f64274a8-98dd-4ff6-a107-36c38375d0a7</arg>
        <arg type="point">6aaf3125-c91d-40f6-a1ac-7c4a3ac6c7c9</arg>
        <arg type="point">bd90d7ff-3994-4119-a827-2c4bd126abf1</arg>
        <arg type="point">17b3a135-f5bc-4599-920c-67b506683a86</arg>
        <arg type="point">07e9acc7-e807-4405-91f9-ae7c78c51dd9</arg>
        <arg type="point">0cc3c706-3a3a-4c8c-9632-5f4ecea963f0</arg>
        <arg type="point">60ca099a-98da-4e28-b584-01e627f6e4f9</arg>
        <arg type="point">cf36e425-f603-47f4-a1eb-a14cd2fbab11</arg>
        <arg type="point">faa39a9e-22ca-4d14-92d9-0eada8a993b9</arg>
        <arg type="point">314ffb8d-152d-4ed6-b1f5-7d0bb25ad7d6</arg>
        <arg type="point">4df926c2-8228-4fa3-8286-7853f6fb19d6</arg>
        <arg type="point">5224d069-c1c1-49cc-b707-d0615790eb6b</arg>
        <arg type="point">2e78fe02-022e-4779-bd59-6f780da28a02</arg>
        <arg type="point">c7f56099-22da-488e-bedf-b10085ac22f2</arg>
        <arg type="point">03d78192-177a-4e24-a6e7-ac0296c038f0</arg>
    </stroke>
    <stroke id="5cc40976-fea9-4471-b38e-e3383eda6ea7" visible="true">
        <arg type="point">47e0acce-2f29-480b-a98b-7f1287276bec</arg>
        <arg type="point">03505b2f-6fab-4b32-bb5f-d4a8f702df88</arg>
        <arg type="point">5d6f45a7-b8ca-4f74-aa64-4f237707cafc</arg>
        <arg type="point">a2c2f956-1982-4745-a811-1034c5d90c9f</arg>
        <arg type="point">77d89960-576f-425d-a137-74ae55d3666e</arg>
        <arg type="point">f4b643ed-67e6-4d06-97b4-bff52317ac6a</arg>
        <arg type="point">a7e5dbcc-deb1-4868-92ff-122e8b6e962f</arg>
    </stroke>
    <stroke id="3a87a776-54cf-4b7a-852d-a2a2f1ce4e13" visible="true">
        <arg type="point">30c1e780-a284-461e-b700-880d33e80f25</arg>
        <arg type="point">b6617890-2f4a-49f4-a091-ebef7f717087</arg>
        <arg type="point">2d8f3474-8667-4f86-8d06-f3d6c7bb3ed1</arg>
        <arg type="point">7fbc0bad-b481-4d4e-b213-a5eab524e61c</arg>
        <arg type="point">d67d9f08-139e-4777-890d-f2cc5e9dcf31</arg>
    </stroke>
</sketch>
